1,Bulbasaur,Grass,Poison,Overgrow,,Chlorophyll,45,49,49,65,65,45,318,15.2,2.33,Seed Pokémon,0.875,0.125,,Monster,Grass
2,Ivysaur,Grass,Poison,Overgrow,,Chlorophyll,60,62,63,80,80,60,405,28.7,3.25,Seed Pokémon,0.875,0.125,Bulbasaur,Monster,Grass
3,Venusaur,Grass,Poison,Overgrow,,Chlorophyll,80,82,83,100,100,80,525,220.5,6.58,Seed Pokémon,0.875,0.125,Ivysaur,Monster,Grass
4,Charmander,Fire,,Blaze,,Solar Power,39,52,43,60,50,65,309,18.7,2,Lizard Pokémon,0.875,0.125,,Monster,Dragon
5,Charmeleon,Fire,,Blaze,,Solar Power,58,64,58,80,65,80,405,41.9,3.58,Flame Pokémon,0.875,0.125,Charmander,Monster,Dragon
6,Charizard,Fire,Flying,Blaze,,Solar Power,78,84,78,109,85,100,534,199.5,5.58,Flame Pokémon,0.875,0.125,Charmeleon,Monster,Dragon
7,Squirtle,Water,,Torrent,,Rain Dish,44,48,65,50,64,43,314,19.8,1.67,Tiny Turtle Pokémon,0.875,0.125,,Monster,Water 1
8,Wartortle,Water,,Torrent,,Rain Dish,59,63,80,65,80,58,405,49.6,3.25,Turtle Pokémon,0.875,0.125,Squirtle,Monster,Water 1
9,Blastoise,Water,,Torrent,,Rain Dish,79,83,100,85,105,78,530,188.5,5.25,Shellfish Pokémon,0.875,0.125,Wartortle,Monster,Water 1
10,Caterpie,Bug,,Shield Dust,,Run Away,45,30,35,20,20,45,195,6.4,1,Worm Pokémon,0.5,0.5,,Bug,
11,Metapod,Bug,,Shed Skin,,,50,20,55,25,25,30,205,21.8,2.33,Cocoon Pokémon,0.5,0.5,Caterpie,Bug,
12,Butterfree,Bug,Flying,Compound Eyes,,Tinted Lens,60,45,50,90,80,70,395,70.5,3.58,Butterfly Pokémon,0.5,0.5,Metapod,Bug,
13,Weedle,Bug,Poison,Shield Dust,,Run Away,40,35,30,20,20,50,195,7.1,1,Hairy Bug Pokémon,0.5,0.5,,Bug,
14,Kakuna,Bug,Poison,Shed Skin,Shed Skin,,45,25,50,25,25,35,205,22,2,Cocoon Pokémon,0.5,0.5,Weedle,Bug,
15,Beedrill,Bug,Poison,Swarm,Swarm,Sniper,65,90,40,45,80,75,395,65,3.25,Poison Bee Pokémon,0.5,0.5,Kakuna,Bug,
16,Pidgey,Normal,Flying,Keen Eye,Tangled Feet,Big Pecks,40,45,40,35,35,56,251,4,1,Tiny Bird Pokémon,0.5,0.5,,Flying,
17,Pidgeotto,Normal,Flying,Keen Eye,Tangled Feet,Big Pecks,63,60,55,50,50,71,349,66.1,3.58,Bird Pokémon,0.5,0.5,Pidgey,Flying,
18,Pidgeot,Normal,Flying,Keen Eye,Tangled Feet,Big Pecks,83,80,75,70,70,101,479,87.1,4.92,Bird Pokémon,0.5,0.5,Pidgeotto,Flying,
19,Rattata,Normal,,Run Away,Guts,Hustle,30,56,35,25,35,72,253,7.7,1,Mouse Pokémon,0.5,0.5,,Field,
20,Raticate,Normal,,Run Away,Guts,Hustle,55,81,60,50,70,97,413,40.8,2.33,Mouse Pokémon,0.5,0.5,Rattata,Field,
21,Spearow,Normal,Flying,Keen Eye,Keen Eye,Sniper,40,60,30,31,31,70,262,4.4,1,Tiny Bird Pokémon,0.5,0.5,,Flying,
22,Fearow,Normal,Flying,Keen Eye,Keen Eye,Sniper,65,90,65,61,61,100,442,83.8,3.92,Beak Pokémon,0.5,0.5,Spearow,Flying,
23,Ekans,Poison,,Intimidate,Shed Skin,Unnerve,35,60,44,40,54,55,288,15.2,6.58,Snake Pokémon,0.5,0.5,,Field,Dragon
24,Arbok,Poison,,Intimidate,Shed Skin,Unnerve,60,95,69,65,79,80,448,143.3,11.5,Cobra Pokémon,0.5,0.5,Ekans,Field,Dragon
25,Pikachu,Electric,,Static,Static,Lightning Rod,35,55,40,50,50,90,320,13.2,1.33,Mouse Pokémon,0.5,0.5,Pichu,Field,Fairy
26,Raichu,Electric,,Static,Static,Lightning Rod,60,90,55,90,80,110,485,66.1,2.58,Mouse Pokémon,0.5,0.5,Pikachu,Field,Fairy
27,Sandshrew,Ground,,Sand Veil,,Sand Rush,50,75,85,20,30,40,300,26.5,2,Mouse Pokémon,0.5,0.5,,Field,
28,Sandslash,Ground,,Sand Veil,,Sand Rush,75,100,110,45,55,65,450,65,3.25,Mouse Pokémon,0.5,0.5,Sandshrew,Field,
29,Nidoran♀,Poison,,Poison Point,Rivalry,Hustle,55,47,52,40,40,41,275,15.4,1.33,Poison Pin Pokémon,0,1,,Monster,Field
30,Nidorina,Poison,,Poison Point,Rivalry,Hustle,70,62,67,55,55,56,365,44.1,2.58,Poison Pin Pokémon,0,1,Nidoran♀,Undiscovered,
31,Nidoqueen,Poison,Ground,Poison Point,Rivalry,Sheer Force,90,92,87,75,85,76,505,132.3,4.25,Drill Pokémon,0,1,Nidorina,Undiscovered,
32,Nidoran♂,Poison,,Poison Point,Rivalry,Hustle,46,57,40,40,40,50,273,19.8,1.67,Poison Pin Pokémon,1,0,,Monster,Field
33,Nidorino,Poison,,Poison Point,Rivalry,Hustle,61,72,57,55,55,65,365,43,2.92,Poison Pin Pokémon,1,0,Nidoran♂,Monster,Field
34,Nidoking,Poison,Ground,Poison Point,Rivalry,Sheer Force,81,102,77,85,75,85,505,136.7,4.58,Drill Pokémon,1,0,Nidorino,Monster,Field
35,Clefairy,Fairy,,Cute Charm,Magic Guard,Friend Guard,70,45,48,60,65,35,323,16.5,2,Fairy Pokémon,0.25,0.75,Cleffa,Fairy,
36,Clefable,Fairy,,Cute Charm,Magic Guard,Unaware,95,70,73,95,90,60,483,88.2,4.25,Fairy Pokémon,0.25,0.75,Clefairy,Fairy,
37,Vulpix,Fire,,Flash Fire,,Drought,38,41,40,50,65,65,299,21.8,2,Fox Pokémon,0.25,0.75,,Field,
38,Ninetales,Fire,,Flash Fire,,Drought,73,76,75,81,100,100,505,43.9,3.58,Fox Pokémon,0.25,0.75,Vulpix,Field,
39,Jigglypuff,Normal,Fairy,Cute Charm,Competitive,Friend Guard,115,45,20,45,25,20,270,12.1,1.67,Balloon Pokémon,0.25,0.75,Igglybuff,Fairy,
40,Wigglytuff,Normal,Fairy,Cute Charm,Competitive,Frisk,140,70,45,85,50,45,435,26.5,3.25,Balloon Pokémon,0.25,0.75,Jigglypuff,Fairy,
41,Zubat,Poison,Flying,Inner Focus,,Infiltrator,40,45,35,30,40,55,245,16.5,2.58,Bat Pokémon,0.5,0.5,,Flying,
42,Golbat,Poison,Flying,Inner Focus,,Infiltrator,75,80,70,65,75,90,455,121.3,5.25,Bat Pokémon,0.5,0.5,Zubat,Flying,
43,Oddish,Grass,Poison,Chlorophyll,,Run Away,45,50,55,75,65,30,320,11.9,1.67,Weed Pokémon,0.5,0.5,,Grass,
44,Gloom,Grass,Poison,Chlorophyll,,Stench,60,65,70,85,75,40,395,19,2.58,Weed Pokémon,0.5,0.5,Oddish,Grass,
45,Vileplume,Grass,Poison,Chlorophyll,,Effect Spore,75,80,85,110,90,50,490,41,3.92,Flower Pokémon,0.5,0.5,Gloom,Grass,
46,Paras,Bug,Grass,Effect Spore,Dry Skin,Damp,35,70,55,45,55,25,285,11.9,1,Mushroom Pokémon,0.5,0.5,,Bug,Grass
47,Parasect,Bug,Grass,Effect Spore,Dry Skin,Damp,60,95,80,60,80,30,405,65,3.25,Mushroom Pokémon,0.5,0.5,Paras,Bug,Grass
48,Venonat,Bug,Poison,Compound Eyes,Tinted Lens,Run Away,60,55,50,40,55,45,305,66.1,3.25,Insect Pokémon,0.5,0.5,,Bug,
49,Venomoth,Bug,Poison,Shield Dust,Tinted Lens,Wonder Skin,70,65,60,90,75,90,450,27.6,4.92,Poison Moth Pokémon,0.5,0.5,Venonat,Bug,
50,Diglett,Ground,,Sand Veil,Arena Trap,Sand Force,10,55,25,35,45,95,265,1.8,0.67,Mole Pokémon,0.5,0.5,,Field,
51,Dugtrio,Ground,,Sand Veil,Arena Trap,Sand Force,35,100,50,50,70,120,425,73.4,2.33,Mole Pokémon,0.5,0.5,Diglett,Field,
52,Meowth,Normal,,Pickup,Technician,Unnerve,40,45,35,40,40,90,290,9.3,1.33,Scratch Cat Pokémon,0.5,0.5,,Field,
53,Persian,Normal,,Limber,Technician,Unnerve,65,70,60,65,65,115,440,70.5,3.25,Classy Cat Pokémon,0.5,0.5,Meowth,Field,
54,Psyduck,Water,,Damp,Cloud Nine,Swift Swim,50,52,48,65,50,55,320,43.2,2.58,Duck Pokémon,0.5,0.5,,Water 1,Field
55,Golduck,Water,,Damp,Cloud Nine,Swift Swim,80,82,78,95,80,85,500,168.9,5.58,Duck Pokémon,0.5,0.5,Psyduck,Water 1,Field
56,Mankey,Fighting,,Vital Spirit,Anger Point,Defiant,40,80,35,35,45,70,305,61.7,1.67,Pig Monkey Pokémon,0.5,0.5,,Field,
57,Primeape,Fighting,,Vital Spirit,Anger Point,Defiant,65,105,60,60,70,95,455,70.5,3.25,Pig Monkey Pokémon,0.5,0.5,Mankey,Field,
58,Growlithe,Fire,,Intimidate,Flash Fire,Justified,55,70,45,70,50,60,350,41.9,2.33,Puppy Pokémon,0.75,0.25,,Field,
59,Arcanine,Fire,,Intimidate,Flash Fire,Justified,90,110,80,100,80,95,555,341.7,6.25,Legendary Pokémon,0.75,0.25,Growlithe,Field,
60,Poliwag,Water,,Water Absorb,Damp,Swift Swim,40,50,40,40,40,90,300,27.3,2,Tadpole Pokémon,0.5,0.5,,Water 1,
61,Poliwhirl,Water,,Water Absorb,Damp,Swift Swim,65,65,65,50,50,90,385,44.1,3.25,Tadpole Pokémon,0.5,0.5,Poliwag,Water 1,
62,Poliwrath,Water,Fighting,Water Absorb,Damp,Swift Swim,90,95,95,70,90,70,510,119,4.25,Tadpole Pokémon,0.5,0.5,Poliwhirl,Water 1,
63,Abra,Psychic,,Synchronize,Inner Focus,Magic Guard,25,20,15,105,55,90,310,43,2.92,Psi Pokémon,0.75,0.25,,Human-Like,
64,Kadabra,Psychic,,Synchronize,Inner Focus,Magic Guard,40,35,30,120,70,105,400,124.6,4.25,Psi Pokémon,0.75,0.25,Abra,Human-Like,
65,Alakazam,Psychic,,Synchronize,Inner Focus,Magic Guard,55,50,45,135,95,120,500,105.8,4.92,Psi Pokémon,0.75,0.25,Kadabra,Human-Like,
66,Machop,Fighting,,Guts,No Guard,Steadfast,70,80,50,35,35,35,305,43,2.58,Superpower Pokémon,0.75,0.25,,Human-Like,
67,Machoke,Fighting,,Guts,No Guard,Steadfast,80,100,70,50,60,45,405,155.4,4.92,Superpower Pokémon,0.75,0.25,Machop,Human-Like,
68,Machamp,Fighting,,Guts,No Guard,Steadfast,90,130,80,65,85,55,505,286.6,5.25,Superpower Pokémon,0.75,0.25,Machoke,Human-Like,
69,Bellsprout,Grass,Poison,Chlorophyll,,Gluttony,50,75,35,70,30,40,300,8.8,2.33,Flower Pokémon,0.5,0.5,,Grass,
70,Weepinbell,Grass,Poison,Chlorophyll,,Gluttony,65,90,50,85,45,55,390,14.1,3.25,Flycatcher Pokémon,0.5,0.5,Bellsprout,Grass,
71,Victreebel,Grass,Poison,Chlorophyll,,Gluttony,80,105,65,100,70,70,490,34.2,5.58,Flycatcher Pokémon,0.5,0.5,Weepinbell,Grass,
72,Tentacool,Water,Poison,Clear Body,Liquid Ooze,Rain Dish,40,40,35,50,100,70,335,100.3,2.92,Jellyfish Pokémon,0.5,0.5,,Water 3,
73,Tentacruel,Water,Poison,Clear Body,Liquid Ooze,Rain Dish,80,70,65,80,120,100,515,121.3,5.25,Jellyfish Pokémon,0.5,0.5,Tentacool,Water 3,
74,Geodude,Rock,Ground,Rock Head,Sturdy,Sand Veil,40,80,100,30,30,20,300,44.1,1.33,Rock Pokémon,0.5,0.5,,Mineral,
75,Graveler,Rock,Ground,Rock Head,Sturdy,Sand Veil,55,95,115,45,45,35,390,231.5,3.25,Rock Pokémon,0.5,0.5,Geodude,Mineral,
76,Golem,Rock,Ground,Rock Head,Sturdy,Sand Veil,80,120,130,55,65,45,495,661.4,4.58,Megaton Pokémon,0.5,0.5,Graveler,Mineral,
77,Ponyta,Fire,,Run Away,Flash Fire,Flame Body,50,85,55,65,65,90,410,66.1,3.25,Fire Horse Pokémon,0.5,0.5,,Field,
78,Rapidash,Fire,,Run Away,Flash Fire,Flame Body,65,100,70,80,80,105,500,209.4,5.58,Fire Horse Pokémon,0.5,0.5,Ponyta,Field,
79,Slowpoke,Water,Psychic,Oblivious,Own Tempo,Regenerator,90,65,65,40,40,15,315,79.4,3.92,Dopey Pokémon,0.5,0.5,,Monster,Water 1
80,Slowbro,Water,Psychic,Oblivious,Own Tempo,Regenerator,95,75,110,100,80,30,490,173.1,5.25,Hermit Crab Pokémon,0.5,0.5,Slowpoke,Monster,Water 1
81,Magnemite,Electric,Steel,Magnet Pull,Sturdy,Analytic,25,35,70,95,55,45,325,13.2,1,Magnet Pokémon,-1,-1,,Mineral,
82,Magneton,Electric,Steel,Magnet Pull,Sturdy,Analytic,50,60,95,120,70,70,465,132.3,3.25,Magnet Pokémon,-1,-1,Magnemite,Mineral,
83,Farfetch’d,Normal,Flying,Keen Eye,Inner Focus,Defiant,52,90,55,58,62,60,377,33.1,2.58,Wild Duck Pokémon,0.5,0.5,,Flying,Field
84,Doduo,Normal,Flying,Run Away,Early Bird,Tangled Feet,35,85,45,35,35,75,310,86.4,4.58,Twin Bird Pokémon,0.5,0.5,,Flying,
85,Dodrio,Normal,Flying,Run Away,Early Bird,Tangled Feet,60,110,70,60,60,100,460,187.8,5.92,Triple Bird Pokémon,0.5,0.5,Doduo,Flying,
86,Seel,Water,,Thick Fat,Hydration,Ice Body,65,45,55,45,70,45,325,198.4,3.58,Sea Lion Pokémon,0.5,0.5,,Water 1,Field
87,Dewgong,Water,Ice,Thick Fat,Hydration,Ice Body,90,70,80,70,95,70,475,264.6,5.58,Sea Lion Pokémon,0.5,0.5,Seel,Water 1,Field
88,Grimer,Poison,,Stench,Sticky Hold,Poison Touch,80,80,50,40,50,25,325,66.1,2.92,Sludge Pokémon,0.5,0.5,,Amorphous,
89,Muk,Poison,,Stench,Sticky Hold,Poison Touch,105,105,75,65,100,50,500,66.1,3.92,Sludge Pokémon,0.5,0.5,Grimer,Amorphous,
90,Shellder,Water,,Shell Armor,Skill Link,Overcoat,30,65,100,45,25,40,305,8.8,1,Bivalve Pokémon,0.5,0.5,,Water 3,
91,Cloyster,Water,Ice,Shell Armor,Skill Link,Overcoat,50,95,180,85,45,70,525,292.1,4.92,Bivalve Pokémon,0.5,0.5,Shellder,Water 3,
92,Gastly,Ghost,Poison,Levitate,,,30,35,30,100,35,80,310,0.2,4.25,Gas Pokémon,0.5,0.5,,Amorphous,
93,Haunter,Ghost,Poison,Levitate,,,45,50,45,115,55,95,405,0.2,5.25,Gas Pokémon,0.5,0.5,Gastly,Amorphous,
94,Gengar,Ghost,Poison,Cursed Body,Cursed Body,Cursed Body,60,65,60,130,75,110,500,89.3,4.92,Shadow Pokémon,0.5,0.5,Haunter,Amorphous,
95,Onix,Rock,Ground,Rock Head,Sturdy,Weak Armor,35,45,160,30,45,70,385,463,28.83,Rock Snake Pokémon,0.5,0.5,,Mineral,
96,Drowzee,Psychic,,Insomnia,Forewarn,Inner Focus,60,48,45,43,90,42,328,71.4,3.25,Hypnosis Pokémon,0.5,0.5,,Human-Like,
97,Hypno,Psychic,,Insomnia,Forewarn,Inner Focus,85,73,70,73,115,67,483,166.7,5.25,Hypnosis Pokémon,0.5,0.5,Drowzee,Human-Like,
98,Krabby,Water,,Hyper Cutter,Shell Armor,Sheer Force,30,105,90,25,25,50,325,14.3,1.33,River Crab Pokémon,0.5,0.5,,Water 3,
99,Kingler,Water,,Hyper Cutter,Shell Armor,Sheer Force,55,130,115,50,50,75,475,132.3,4.25,Pincer Pokémon,0.5,0.5,Krabby,Water 3,
100,Voltorb,Electric,,Soundproof,Static,Aftermath,40,30,50,55,55,100,330,22.9,1.67,Ball Pokémon,-1,-1,,Mineral,
101,Electrode,Electric,,Soundproof,Static,Aftermath,60,50,70,80,80,150,490,146.8,3.92,Ball Pokémon,-1,-1,Voltorb,Mineral,
102,Exeggcute,Grass,Psychic,Chlorophyll,,Harvest,60,40,80,60,45,40,325,5.5,1.33,Egg Pokémon,0.5,0.5,,Grass,
103,Exeggutor,Grass,Psychic,Chlorophyll,,Harvest,95,95,85,125,75,55,530,264.6,6.58,Coconut Pokémon,0.5,0.5,Exeggcute,Grass,
104,Cubone,Ground,,Rock Head,Lightning Rod,Battle Armor,50,50,95,40,50,35,320,14.3,1.33,Lonely Pokémon,0.5,0.5,,Monster,
105,Marowak,Ground,,Rock Head,Lightning Rod,Battle Armor,60,80,110,50,80,45,425,99.2,3.25,Bone Keeper Pokémon,0.5,0.5,Cubone,Monster,
106,Hitmonlee,Fighting,,Limber,Reckless,Unburden,50,120,53,35,110,87,455,109.8,4.92,Kicking Pokémon,1,0,Tyrogue,Human-Like,
107,Hitmonchan,Fighting,,Keen Eye,Iron Fist,Inner Focus,50,105,79,35,110,76,455,110.7,4.58,Punching Pokémon,1,0,Tyrogue,Human-Like,
108,Lickitung,Normal,,Own Tempo,Oblivious,Cloud Nine,90,55,75,60,75,30,385,144.4,3.92,Licking Pokémon,0.5,0.5,,Monster,
109,Koffing,Poison,,Levitate,,,40,65,95,60,45,35,340,2.2,2,Poison Gas Pokémon,0.5,0.5,,Amorphous,
110,Weezing,Poison,,Levitate,,,65,90,120,85,70,60,490,20.9,3.92,Poison Gas Pokémon,0.5,0.5,Koffing,Amorphous,
111,Rhyhorn,Ground,Rock,Lightning Rod,Rock Head,Reckless,80,85,95,30,30,25,345,253.5,3.25,Spikes Pokémon,0.5,0.5,,Monster,Field
112,Rhydon,Ground,Rock,Lightning Rod,Rock Head,Reckless,105,130,120,45,45,40,485,264.6,6.25,Drill Pokémon,0.5,0.5,Rhyhorn,Monster,Field
113,Chansey,Normal,,Natural Cure,Serene Grace,Healer,250,5,5,35,105,50,450,76.3,3.58,Egg Pokémon,0,1,Happiny,Fairy,
114,Tangela,Grass,,Chlorophyll,Leaf Guard,Regenerator,65,55,115,100,40,60,435,77.2,3.25,Vine Pokémon,0.5,0.5,,Grass,
115,Kangaskhan,Normal,,Early Bird,Scrappy,Inner Focus,105,95,80,40,80,90,490,176.4,7.25,Parent Pokémon,0,1,,Monster,
116,Horsea,Water,,Swift Swim,Sniper,Damp,30,40,70,70,25,60,295,17.6,1.33,Dragon Pokémon,0.5,0.5,,Water 1,Dragon
117,Seadra,Water,,Poison Point,Sniper,Damp,55,65,95,95,45,85,440,55.1,3.92,Dragon Pokémon,0.5,0.5,Horsea,Water 1,Dragon
118,Goldeen,Water,,Swift Swim,Sniper,Damp,45,67,60,35,50,63,320,33.1,2,Goldfish Pokémon,0.5,0.5,,Water 2,
119,Seaking,Water,,Swift Swim,Water Veil,Lightning Rod,80,92,65,65,80,68,450,86,4.25,Goldfish Pokémon,0.5,0.5,Goldeen,Water 2,
120,Staryu,Water,,Illuminate,Natural Cure,Analytic,30,45,55,70,55,85,340,76.1,2.58,Star Shape Pokémon,-1,-1,,Water 3,
121,Starmie,Water,Psychic,Illuminate,Natural Cure,Analytic,60,75,85,100,85,115,520,176.4,3.58,Mysterious Pokémon,-1,-1,Staryu,Water 3,
122,Mr. Mime,Psychic,Fairy,Soundproof,Filter,Technician,40,45,65,100,120,90,460,120.1,4.25,Barrier Pokémon,0.5,0.5,Mime Jr.,Human-Like,
123,Scyther,Bug,Flying,Swarm,Technician,Steadfast,70,110,80,55,80,105,500,123.5,4.92,Mantis Pokémon,0.5,0.5,,Bug,
124,Jynx,Ice,Psychic,Oblivious,Forewarn,Dry Skin,65,50,35,115,95,95,455,89.5,4.58,Human Shape Pokémon,0,1,Smoochum,Human-Like,
125,Electabuzz,Electric,,Static,,Vital Spirit,65,83,57,95,85,105,490,66.1,3.58,Electric Pokémon,0.75,0.25,Elekid,Human-Like,
126,Magmar,Fire,,Flame Body,,Vital Spirit,65,95,57,100,85,93,495,98.1,4.25,Spitfire Pokémon,0.75,0.25,Magby,Human-Like,
127,Pinsir,Bug,,Hyper Cutter,Mold Breaker,Moxie,65,125,100,55,70,85,500,121.3,4.92,Stag Beetle Pokémon,0.5,0.5,,Bug,
128,Tauros,Normal,,Intimidate,Anger Point,Sheer Force,75,100,95,40,70,110,490,194.9,4.58,Wild Bull Pokémon,1,0,,Field,
129,Magikarp,Water,,Swift Swim,,Rattled,20,10,55,15,20,80,200,22,2.92,Fish Pokémon,0.5,0.5,,Water 2,Dragon
130,Gyarados,Water,Flying,Intimidate,,Moxie,95,125,79,60,100,81,540,518.1,21.33,Atrocious Pokémon,0.5,0.5,Magikarp,Water 2,Dragon
131,Lapras,Water,Ice,Water Absorb,Shell Armor,Hydration,130,85,80,85,95,60,535,485,8.17,Transport Pokémon,0.5,0.5,,Monster,Water 1
132,Ditto,Normal,,Limber,,Imposter,48,48,48,48,48,48,288,8.8,1,Transform Pokémon,-1,-1,,Ditto,
133,Eevee,Normal,,Run Away,Adaptability,Anticipation,55,55,50,45,65,55,325,14.3,1,Evolution Pokémon,0.875,0.125,,Field,
134,Vaporeon,Water,,Water Absorb,,Hydration,130,65,60,110,95,65,525,63.9,3.25,Bubble Jet Pokémon,0.875,0.125,Eevee,Field,
135,Jolteon,Electric,,Volt Absorb,,Quick Feet,65,65,60,110,95,130,525,54,2.58,Lightning Pokémon,0.875,0.125,Eevee,Field,
136,Flareon,Fire,,Flash Fire,,Guts,65,130,60,95,110,65,525,55.1,2.92,Flame Pokémon,0.875,0.125,Eevee,Field,
137,Porygon,Normal,,Trace,Download,Analytic,65,60,70,85,75,40,395,80.5,2.58,Virtual Pokémon,0.875,0.125,,Mineral,
138,Omanyte,Rock,Water,Swift Swim,Shell Armor,Weak Armor,35,40,100,90,55,35,355,16.5,1.33,Spiral Pokémon,0.875,0.125,,Water 1,Water 3
139,Omastar,Rock,Water,Swift Swim,Shell Armor,Weak Armor,70,60,125,115,70,55,495,77.2,3.25,Spiral Pokémon,0.875,0.125,Omanyte,Water 1,Water 3
140,Kabuto,Rock,Water,Swift Swim,Battle Armor,Weak Armor,30,80,90,55,45,55,355,25.4,1.67,Shellfish Pokémon,0.875,0.125,,Water 1,Water 3
141,Kabutops,Rock,Water,Swift Swim,Battle Armor,Weak Armor,60,115,105,65,70,80,495,89.3,4.25,Shellfish Pokémon,0.875,0.125,Kabuto,Water 1,Water 3
142,Aerodactyl,Rock,Flying,Rock Head,Pressure,Unnerve,80,105,65,60,75,130,515,130.1,5.92,Fossil Pokémon,0.875,0.125,,Flying,
143,Snorlax,Normal,,Immunity,Thick Fat,Gluttony,160,110,65,65,110,30,540,1014.1,6.92,Sleeping Pokémon,0.875,0.125,Munchlax,Monster,
144,Articuno,Ice,Flying,Pressure,,Snow Cloak,90,85,100,95,125,85,580,122.1,5.58,Freeze Pokémon,-1,-1,,Undiscovered,
145,Zapdos,Electric,Flying,Pressure,,Static,90,90,85,125,90,100,580,116,5.25,Electric Pokémon,-1,-1,,Undiscovered,
146,Moltres,Fire,Flying,Pressure,,Flame Body,90,100,90,125,85,90,580,132.3,6.58,Flame Pokémon,-1,-1,,Undiscovered,
147,Dratini,Dragon,,Shed Skin,,Marvel Scale,41,64,45,50,50,50,300,7.3,5.92,Dragon Pokémon,0.5,0.5,,Water 1,Dragon
148,Dragonair,Dragon,,Shed Skin,,Marvel Scale,61,84,65,70,70,70,420,36.4,13.08,Dragon Pokémon,0.5,0.5,Dratini,Water 1,Dragon
149,Dragonite,Dragon,Flying,Inner Focus,,Multiscale,91,134,95,100,100,80,600,463,7.25,Dragon Pokémon,1,0,Dragonair,Water 1,Dragon
150,Mewtwo,Psychic,,Pressure,,Unnerve,106,110,90,154,90,130,680,269,6.58,Genetic Pokémon,-1,-1,,Undiscovered,
151,Mew,Psychic,,Synchronize,,,100,100,100,100,100,100,600,8.8,1.33,New Species Pokémon,-1,-1,,Undiscovered,
152,Chikorita,Grass,,Overgrow,,Leaf Guard,45,49,65,49,65,45,318,14.1,2.92,Leaf Pokémon,0.875,0.125,,Monster,Grass
153,Bayleef,Grass,,Overgrow,,Leaf Guard,60,62,80,63,80,60,405,34.8,3.92,Leaf Pokémon,0.875,0.125,Chikorita,Monster,Grass
154,Meganium,Grass,,Overgrow,,Leaf Guard,80,82,100,83,100,80,525,221.6,5.92,Herb Pokémon,0.875,0.125,Bayleef,Monster,Grass
155,Cyndaquil,Fire,,Blaze,,Flash Fire,39,52,43,60,50,65,309,17.4,1.67,Fire Mouse Pokémon,0.875,0.125,,Field,
156,Quilava,Fire,,Blaze,,Flash Fire,58,64,58,80,65,80,405,41.9,2.92,Volcano Pokémon,0.875,0.125,Cyndaquil,Field,
157,Typhlosion,Fire,,Blaze,,Flash Fire,78,84,78,109,85,100,534,175.3,5.58,Volcano Pokémon,0.875,0.125,Quilava,Field,
158,Totodile,Water,,Torrent,,Sheer Force,50,65,64,44,48,43,314,20.9,2,Big Jaw Pokémon,0.875,0.125,,Monster,Water 1
159,Croconaw,Water,,Torrent,,Sheer Force,65,80,80,59,63,58,405,55.1,3.58,Big Jaw Pokémon,0.875,0.125,Totodile,Monster,Water 1
160,Feraligatr,Water,,Torrent,,Sheer Force,85,105,100,79,83,78,530,195.8,7.58,Big Jaw Pokémon,0.875,0.125,Croconaw,Monster,Water 1
161,Sentret,Normal,,Run Away,Keen Eye,Frisk,35,46,34,35,45,20,215,13.2,2.58,Scout Pokémon,0.5,0.5,,Field,
162,Furret,Normal,,Run Away,Keen Eye,Frisk,85,76,64,45,55,90,415,71.6,5.92,Long Body Pokémon,0.5,0.5,Sentret,Field,
163,Hoothoot,Normal,Flying,Insomnia,Keen Eye,Tinted Lens,60,30,30,36,56,50,262,46.7,2.33,Owl Pokémon,0.5,0.5,,Flying,
164,Noctowl,Normal,Flying,Insomnia,Keen Eye,Tinted Lens,100,50,50,86,96,70,452,89.9,5.25,Owl Pokémon,0.5,0.5,Hoothoot,Flying,
165,Ledyba,Bug,Flying,Swarm,Early Bird,Rattled,40,20,30,40,80,55,265,23.8,3.25,Five Star Pokémon,0.5,0.5,,Bug,
166,Ledian,Bug,Flying,Swarm,Early Bird,Iron Fist,55,35,50,55,110,85,390,78.5,4.58,Five Star Pokémon,0.5,0.5,Ledyba,Bug,
167,Spinarak,Bug,Poison,Swarm,Insomnia,Sniper,40,60,40,40,40,30,250,18.7,1.67,String Spit Pokémon,0.5,0.5,,Bug,
168,Ariados,Bug,Poison,Swarm,Insomnia,Sniper,70,90,70,60,70,40,400,73.9,3.58,Long Leg Pokémon,0.5,0.5,Spinarak,Bug,
169,Crobat,Poison,Flying,Inner Focus,,Infiltrator,85,90,80,70,80,130,535,165.3,5.92,Bat Pokémon,0.5,0.5,Golbat,Flying,
170,Chinchou,Water,Electric,Volt Absorb,Illuminate,Water Absorb,75,38,38,56,56,67,330,26.5,1.67,Angler Pokémon,0.5,0.5,,Water 2,
171,Lanturn,Water,Electric,Volt Absorb,Illuminate,Water Absorb,125,58,58,76,76,67,460,49.6,3.92,Light Pokémon,0.5,0.5,Chinchou,Water 2,
172,Pichu,Electric,,Static,,Lightning Rod,20,40,15,35,35,60,205,4.4,1,Tiny Mouse Pokémon,0.5,0.5,,Undiscovered,
173,Cleffa,Fairy,,Cute Charm,Magic Guard,Friend Guard,50,25,28,45,55,15,218,6.6,1,Star Shape Pokémon,0.25,0.75,,Undiscovered,
174,Igglybuff,Normal,Fairy,Cute Charm,Competitive,Friend Guard,90,30,15,40,20,15,210,2.2,1,Balloon Pokémon,0.25,0.75,,Undiscovered,
175,Togepi,Fairy,,Hustle,Serene Grace,Super Luck,35,20,65,40,65,20,245,3.3,1,Spike Ball Pokémon,0.875,0.125,,Undiscovered,
176,Togetic,Fairy,Flying,Hustle,Serene Grace,Super Luck,55,40,85,80,105,40,405,7.1,2,Happiness Pokémon,0.875,0.125,Togepi,Flying,Fairy
177,Natu,Psychic,Flying,Synchronize,Early Bird,Magic Bounce,40,50,45,70,45,70,320,4.4,0.67,Tiny Bird Pokémon,0.5,0.5,,Flying,
178,Xatu,Psychic,Flying,Synchronize,Early Bird,Magic Bounce,65,75,70,95,70,95,470,33.1,4.92,Mystic Pokémon,0.5,0.5,Natu,Flying,
179,Mareep,Electric,,Static,,Plus,55,40,40,65,45,35,280,17.2,2,Wool Pokémon,0.5,0.5,,Monster,Field
180,Flaaffy,Electric,,Static,,Plus,70,55,55,80,60,45,365,29.3,2.58,Wool Pokémon,0.5,0.5,Mareep,Monster,Field
181,Ampharos,Electric,,Static,,Plus,90,75,85,115,90,55,510,135.6,4.58,Light Pokémon,0.5,0.5,Flaaffy,Monster,Field
182,Bellossom,Grass,,Chlorophyll,,Healer,75,80,95,90,100,50,490,12.8,1.33,Flower Pokémon,0.5,0.5,Gloom,Grass,
183,Marill,Water,Fairy,Thick Fat,Huge Power,Sap Sipper,70,20,50,20,50,40,250,18.7,1.33,Aqua Mouse Pokémon,0.5,0.5,Azurill,Water 1,Fairy
184,Azumarill,Water,Fairy,Thick Fat,Huge Power,Sap Sipper,100,50,80,60,80,50,420,62.8,2.58,Aqua Rabbit Pokémon,0.5,0.5,Marill,Water 1,Fairy
185,Sudowoodo,Rock,,Sturdy,Rock Head,Rattled,70,100,115,30,65,30,410,83.8,3.92,Imitation Pokémon,0.5,0.5,Bonsly,Mineral,
186,Politoed,Water,,Water Absorb,Damp,Drizzle,90,75,75,90,100,70,500,74.7,3.58,Frog Pokémon,0.5,0.5,Poliwhirl,Water 1,
187,Hoppip,Grass,Flying,Chlorophyll,Leaf Guard,Infiltrator,35,35,40,35,55,50,250,1.1,1.33,Cottonweed Pokémon,0.5,0.5,,Fairy,Grass
188,Skiploom,Grass,Flying,Chlorophyll,Leaf Guard,Infiltrator,55,45,50,45,65,80,340,2.2,2,Cottonweed Pokémon,0.5,0.5,Hoppip,Fairy,Grass
189,Jumpluff,Grass,Flying,Chlorophyll,Leaf Guard,Infiltrator,75,55,70,55,95,110,460,6.6,2.58,Cottonweed Pokémon,0.5,0.5,Skiploom,Fairy,Grass
190,Aipom,Normal,,Run Away,Pickup,Skill Link,55,70,55,40,55,85,360,25.4,2.58,Long Tail Pokémon,0.5,0.5,,Field,
191,Sunkern,Grass,,Chlorophyll,Solar Power,Early Bird,30,30,30,30,30,30,180,4,1,Seed Pokémon,0.5,0.5,,Grass,
192,Sunflora,Grass,,Chlorophyll,Solar Power,Early Bird,75,75,55,105,85,30,425,18.7,2.58,Sun Pokémon,0.5,0.5,Sunkern,Grass,
193,Yanma,Bug,Flying,Speed Boost,Compound Eyes,Frisk,65,65,45,75,45,95,390,83.8,3.92,Clear Wing Pokémon,0.5,0.5,,Bug,
194,Wooper,Water,Ground,Damp,Water Absorb,Unaware,55,45,45,25,25,15,210,18.7,1.33,Water Fish Pokémon,0.5,0.5,,Water 1,Field
195,Quagsire,Water,Ground,Damp,Water Absorb,Unaware,95,85,85,65,65,35,430,165.3,4.58,Water Fish Pokémon,0.5,0.5,Wooper,Water 1,Field
196,Espeon,Psychic,,Synchronize,,Magic Bounce,65,65,60,130,95,110,525,58.4,2.92,Sun Pokémon,0.875,0.125,Eevee,Field,
197,Umbreon,Dark,,Synchronize,,Inner Focus,95,65,110,60,130,65,525,59.5,3.25,Moonlight Pokémon,0.875,0.125,Eevee,Field,
198,Murkrow,Dark,Flying,Insomnia,Super Luck,Prankster,60,85,42,85,42,91,405,4.6,1.67,Darkness Pokémon,0.5,0.5,,Flying,
199,Slowking,Water,Psychic,Oblivious,Own Tempo,Regenerator,95,75,80,100,110,30,490,175.3,6.58,Royal Pokémon,0.5,0.5,Slowpoke,Monster,Water 1
200,Misdreavus,Ghost,,Levitate,,,60,60,60,85,85,85,435,2.2,2.33,Screech Pokémon,0.5,0.5,,Amorphous,
201,Unown,Psychic,,Levitate,,,48,72,48,72,48,48,336,11,1.67,Symbol Pokémon,-1,-1,Misdreavus,Undiscovered,
202,Wobbuffet,Psychic,,Shadow Tag,,Telepathy,190,33,58,33,58,33,405,62.8,4.25,Patient Pokémon,0.5,0.5,Wynaut,Amorphous,
203,Girafarig,Normal,Psychic,Inner Focus,Early Bird,Sap Sipper,70,80,65,90,65,85,455,91.5,4.92,Long Neck Pokémon,0.5,0.5,,Field,
204,Pineco,Bug,,Sturdy,,Overcoat,50,65,90,35,35,15,290,15.9,2,Bagworm Pokémon,0.5,0.5,,Bug,
205,Forretress,Bug,Steel,Sturdy,,Overcoat,75,90,140,60,60,40,465,277.3,3.92,Bagworm Pokémon,0.5,0.5,Pineco,Bug,
206,Dunsparce,Normal,,Serene Grace,Run Away,Rattled,100,70,70,65,65,45,415,30.9,4.92,Land Snake Pokémon,0.5,0.5,,Field,
207,Gligar,Ground,Flying,Hyper Cutter,Sand Veil,Immunity,65,75,105,35,65,85,430,142.9,3.58,Fly Scorpion Pokémon,0.5,0.5,,Bug,
208,Steelix,Steel,Ground,Rock Head,Sturdy,Sheer Force,75,85,200,55,65,30,510,881.8,30.17,Iron Snake Pokémon,0.5,0.5,Onix,Mineral,
209,Snubbull,Fairy,,Intimidate,Run Away,Rattled,60,80,50,40,40,30,300,17.2,2,Fairy Pokémon,0.5,0.5,,Field,Fairy
210,Granbull,Fairy,,Intimidate,Quick Feet,Rattled,90,120,75,60,60,45,450,107.4,4.58,Fairy Pokémon,0.5,0.5,Snubbull,Field,Fairy
211,Qwilfish,Water,Poison,Poison Point,Swift Swim,Intimidate,65,95,85,55,55,85,440,8.6,1.67,Balloon Pokémon,0.5,0.5,,Water 2,
212,Scizor,Bug,Steel,Swarm,Technician,Light Metal,70,130,100,55,80,65,500,260.1,5.92,Pincer Pokémon,0.5,0.5,Scyther,Bug,
213,Shuckle,Bug,Rock,Sturdy,Gluttony,Contrary,20,10,230,10,230,5,505,45.2,2,Mold Pokémon,0.5,0.5,,Bug,
214,Heracross,Bug,Fighting,Swarm,Guts,Moxie,80,125,75,40,95,85,500,119,4.92,Single Horn Pokémon,0.5,0.5,,Bug,
215,Sneasel,Dark,Ice,Inner Focus,Keen Eye,Pickpocket,55,95,55,35,75,115,430,61.7,2.92,Sharp Claw Pokémon,0.5,0.5,,Field,
216,Teddiursa,Normal,,Pickup,Quick Feet,Honey Gather,60,80,50,50,50,40,330,19.4,2,Little Bear Pokémon,0.5,0.5,,Field,
217,Ursaring,Normal,,Guts,Quick Feet,Unnerve,90,130,75,75,75,55,500,277.3,5.92,Hibernator Pokémon,0.5,0.5,Teddiursa,Field,
218,Slugma,Fire,,Magma Armor,Flame Body,Weak Armor,40,40,40,70,40,20,250,77.2,2.33,Lava Pokémon,0.5,0.5,,Amorphous,
219,Magcargo,Fire,Rock,Magma Armor,Flame Body,Weak Armor,60,50,120,90,80,30,430,121.3,2.58,Lava Pokémon,0.5,0.5,Slugma,Amorphous,
220,Swinub,Ice,Ground,Oblivious,Snow Cloak,Thick Fat,50,50,40,30,30,50,250,14.3,1.33,Pig Pokémon,0.5,0.5,,Field,
221,Piloswine,Ice,Ground,Oblivious,Snow Cloak,Thick Fat,100,100,80,60,60,50,450,123,3.58,Swine Pokémon,0.5,0.5,Swinub,Field,
222,Corsola,Water,Rock,Hustle,Natural Cure,Regenerator,65,55,95,65,95,35,410,11,2,Coral Pokémon,0.5,0.5,,Water 1,Water 3
223,Remoraid,Water,,Hustle,Sniper,Moody,35,65,35,65,35,65,300,26.5,2,Jet Pokémon,0.5,0.5,,Water 1,Water 2
224,Octillery,Water,,Suction Cups,Sniper,Moody,75,105,75,105,75,45,480,62.8,2.92,Jet Pokémon,0.5,0.5,Remoraid,Water 1,Water 2
225,Delibird,Ice,Flying,Vital Spirit,Hustle,Insomnia,45,55,45,65,45,75,330,35.3,2.92,Delivery Pokémon,0.5,0.5,,Water 1,Field
226,Mantine,Water,Flying,Swift Swim,Water Absorb,Water Veil,85,40,70,80,140,70,485,485,6.92,Kite Pokémon,0.5,0.5,Mantyke,Water 1,
227,Skarmory,Steel,Flying,Keen Eye,Sturdy,Weak Armor,65,80,140,40,70,70,465,111.3,5.58,Armor Bird Pokémon,0.5,0.5,,Flying,
228,Houndour,Dark,Fire,Early Bird,Flash Fire,Unnerve,45,60,30,80,50,65,330,23.8,2,Dark Pokémon,0.5,0.5,,Field,
229,Houndoom,Dark,Fire,Early Bird,Flash Fire,Unnerve,75,90,50,110,80,95,500,77.2,4.58,Dark Pokémon,0.5,0.5,Houndour,Field,
230,Kingdra,Water,Dragon,Swift Swim,Sniper,Damp,75,95,95,95,95,85,540,335.1,5.92,Dragon Pokémon,0.5,0.5,Seadra,Water 1,Dragon
231,Phanpy,Ground,,Pickup,,Sand Veil,90,60,60,40,40,40,330,73.9,1.67,Long Nose Pokémon,0.5,0.5,,Field,
232,Donphan,Ground,,Sturdy,,Sand Veil,90,120,120,60,60,50,500,264.6,3.58,Armor Pokémon,0.5,0.5,Phanpy,Field,
233,Porygon2,Normal,,Trace,Download,Analytic,85,80,90,105,95,60,515,71.6,2,Virtual Pokémon,-1,-1,Porygon,Mineral,
234,Stantler,Normal,,Intimidate,Frisk,Sap Sipper,73,95,62,85,65,85,465,157,4.58,Big Horn Pokémon,0.5,0.5,,Field,
235,Smeargle,Normal,,Own Tempo,Technician,Moody,55,20,35,20,45,75,250,127.9,3.92,Painter Pokémon,0.5,0.5,,Field,
236,Tyrogue,Fighting,,Guts,Steadfast,Vital Spirit,35,35,35,35,35,35,210,46.3,2.33,Scuffle Pokémon,1,0,,Undiscovered,
237,Hitmontop,Fighting,,Intimidate,Technician,Steadfast,50,95,95,35,110,70,455,105.8,4.58,Handstand Pokémon,1,0,Tyrogue,Human-Like,
238,Smoochum,Ice,Psychic,Oblivious,Forewarn,Hydration,45,30,15,85,65,65,305,13.2,1.33,Kiss Pokémon,0,1,,Undiscovered,
239,Elekid,Electric,,Static,,Vital Spirit,45,63,37,65,55,95,360,51.8,2,Electric Pokémon,0.75,0.25,,Undiscovered,
240,Magby,Fire,,Flame Body,,Vital Spirit,45,75,37,70,55,83,365,47.2,2.33,Live Coal Pokémon,0.75,0.25,,Undiscovered,
241,Miltank,Normal,,Thick Fat,Scrappy,Sap Sipper,95,80,105,40,70,100,490,166.4,3.92,Milk Cow Pokémon,0,1,,Field,
242,Blissey,Normal,,Natural Cure,Serene Grace,Healer,255,10,10,75,135,55,540,103.2,4.92,Happiness Pokémon,0,1,Chansey,Fairy,
243,Raikou,Electric,,Pressure,,Inner Focus,90,85,75,115,100,115,580,392.4,6.25,Thunder Pokémon,-1,-1,,Undiscovered,
244,Entei,Fire,,Pressure,,Inner Focus,115,115,85,90,75,100,580,436.5,6.92,Volcano Pokémon,-1,-1,,Undiscovered,
245,Suicune,Water,,Pressure,,Inner Focus,100,75,115,90,115,85,580,412.3,6.58,Aurora Pokémon,-1,-1,,Undiscovered,
246,Larvitar,Rock,Ground,Guts,,Sand Veil,50,64,50,45,50,41,300,158.7,2,Rock Skin Pokémon,0.5,0.5,,Monster,
247,Pupitar,Rock,Ground,Shed Skin,,,70,84,70,65,70,51,410,335.1,3.92,Hard Shell Pokémon,0.5,0.5,Larvitar,Monster,
248,Tyranitar,Rock,Dark,Sand Stream,,Unnerve,100,134,110,95,100,61,600,445.3,6.58,Armor Pokémon,0.5,0.5,Pupitar,Monster,
249,Lugia,Psychic,Flying,Pressure,,Multiscale,106,90,130,90,154,110,680,476.2,17.08,Diving Pokémon,-1,-1,,Undiscovered,
250,Ho-Oh,Fire,Flying,Pressure,,Regenerator,106,130,90,110,154,90,680,438.7,12.5,Rainbow Pokémon,-1,-1,,Undiscovered,
251,Celebi,Psychic,Grass,Natural Cure,,,100,100,100,100,100,100,600,11,2,Time Travel Pokémon,-1,-1,,Undiscovered,
252,Treecko,Grass,,Overgrow,,Unburden,40,45,35,65,55,70,310,11,1.67,Wood Gecko Pokémon,0.875,0.125,,Monster,Dragon
253,Grovyle,Grass,,Overgrow,,Unburden,50,65,45,85,65,95,405,47.6,2.92,Wood Gecko Pokémon,0.875,0.125,Treecko,Monster,Dragon
254,Sceptile,Grass,,Overgrow,,Unburden,70,85,65,105,85,120,530,115.1,5.58,Forest Pokémon,0.875,0.125,Grovyle,Monster,Dragon
255,Torchic,Fire,,Blaze,,Speed Boost,45,60,40,70,50,45,310,5.5,1.33,Chick Pokémon,0.875,0.125,,Field,
256,Combusken,Fire,Fighting,Blaze,,Speed Boost,60,85,60,85,60,55,405,43,2.92,Young Fowl Pokémon,0.875,0.125,Torchic,Field,
257,Blaziken,Fire,Fighting,Blaze,,Speed Boost,80,120,70,110,70,80,530,114.6,6.25,Blaze Pokémon,0.875,0.125,Combusken,Field,
258,Mudkip,Water,,Torrent,,Damp,50,70,50,50,50,40,310,16.8,1.33,Mud Fish Pokémon,0.875,0.125,,Monster,Water 1
259,Marshtomp,Water,Ground,Torrent,,Damp,70,85,70,60,70,50,405,61.7,2.33,Mud Fish Pokémon,0.875,0.125,Mudkip,Monster,Water 1
260,Swampert,Water,Ground,Torrent,,Damp,100,110,90,85,90,60,535,180.6,4.92,Mud Fish Pokémon,0.875,0.125,Marshtomp,Monster,Water 1
261,Poochyena,Dark,,Run Away,Quick Feet,Rattled,35,55,35,30,30,35,220,30,1.67,Bite Pokémon,0.5,0.5,,Field,
262,Mightyena,Dark,,Intimidate,Quick Feet,Moxie,70,90,70,60,60,70,420,81.6,3.25,Bite Pokémon,0.5,0.5,Poochyena,Field,
263,Zigzagoon,Normal,,Pickup,Gluttony,Quick Feet,38,30,41,30,41,60,240,38.6,1.33,Tiny Raccoon Pokémon,0.5,0.5,,Field,
264,Linoone,Normal,,Pickup,Gluttony,Quick Feet,78,70,61,50,61,100,420,71.6,1.67,Rushing Pokémon,0.5,0.5,Zigzagoon,Field,
265,Wurmple,Bug,,Shield Dust,,Run Away,45,45,35,20,30,20,195,7.9,1,Worm Pokémon,0.5,0.5,,Bug,
266,Silcoon,Bug,,Shed Skin,,,50,35,55,25,25,15,205,22,2,Cocoon Pokémon,0.5,0.5,Wurmple,Bug,
267,Beautifly,Bug,Flying,Swarm,,Rivalry,60,70,50,100,50,65,395,62.6,3.25,Butterfly Pokémon,0.5,0.5,Silcoon,Bug,
268,Cascoon,Bug,,Shed Skin,,,50,35,55,25,25,15,205,25.4,2.33,Cocoon Pokémon,0.5,0.5,Wumple,Bug,
269,Dustox,Bug,Poison,Shield Dust,,Compound Eyes,60,50,70,50,90,65,385,69.7,3.92,Poison Moth Pokémon,0.5,0.5,Cascoon,Bug,
270,Lotad,Water,Grass,Swift Swim,Rain Dish,Own Tempo,40,30,30,40,50,30,220,5.7,1.67,Water Weed Pokémon,0.5,0.5,,Water 1,Grass
271,Lombre,Water,Grass,Swift Swim,Rain Dish,Own Tempo,60,50,50,60,70,50,340,71.6,3.92,Jolly Pokémon,0.5,0.5,Lotad,Water 1,Grass
272,Ludicolo,Water,Grass,Swift Swim,Rain Dish,Own Tempo,80,70,70,90,100,70,480,121.3,4.92,Carefree Pokémon,0.5,0.5,Lombre,Water 1,Grass
273,Seedot,Grass,,Chlorophyll,Early Bird,Pickpocket,40,40,50,30,30,30,220,8.8,1.67,Acorn Pokémon,0.5,0.5,,Field,Grass
274,Nuzleaf,Grass,Dark,Chlorophyll,Early Bird,Pickpocket,70,70,40,60,40,60,340,61.7,3.25,Wily Pokémon,0.5,0.5,Seedot,Field,Grass
275,Shiftry,Grass,Dark,Chlorophyll,Early Bird,Pickpocket,90,100,60,90,60,80,480,131.4,4.25,Wicked Pokémon,0.5,0.5,Nuzleaf,Field,Grass
276,Taillow,Normal,Flying,Guts,,Scrappy,40,55,30,30,30,85,270,5.1,1,Tiny Swallow Pokémon,0.5,0.5,,Flying,
277,Swellow,Normal,Flying,Guts,,Scrappy,60,85,60,75,50,125,455,43.7,2.33,Swallow Pokémon,0.5,0.5,Taillow,Flying,
278,Wingull,Water,Flying,Keen Eye,Hydration,Rain Dish,40,30,30,55,30,85,270,20.9,2,Seagull Pokémon,0.5,0.5,,Water 1,Flying
279,Pelipper,Water,Flying,Keen Eye,Drizzle,Rain Dish,60,50,100,95,70,65,440,61.7,3.92,Water Bird Pokémon,0.5,0.5,Wingull,Water 1,Flying
280,Ralts,Psychic,Fairy,Synchronize,Trace,Telepathy,28,25,25,45,35,40,198,14.6,1.33,Feeling Pokémon,0.5,0.5,,Amorphous,
281,Kirlia,Psychic,Fairy,Synchronize,Trace,Telepathy,38,35,35,65,55,50,278,44.5,2.58,Emotion Pokémon,0.5,0.5,Ralts,Amorphous,
282,Gardevoir,Psychic,Fairy,Synchronize,Trace,Telepathy,68,65,65,125,115,80,518,106.7,5.25,Embrace Pokémon,0.5,0.5,Kirlia,Amorphous,
283,Surskit,Bug,Water,Swift Swim,,Rain Dish,40,30,32,50,52,65,269,3.7,1.67,Pond Skater Pokémon,0.5,0.5,,Water 1,Bug
284,Masquerain,Bug,Flying,Intimidate,,Unnerve,70,60,62,100,82,80,454,7.9,2.58,Eyeball Pokémon,0.5,0.5,Surskit,Water 1,Bug
285,Shroomish,Grass,,Effect Spore,Poison Heal,Quick Feet,60,40,60,40,60,35,295,9.9,1.33,Mushroom Pokémon,0.5,0.5,,Fairy,Grass
286,Breloom,Grass,Fighting,Effect Spore,Poison Heal,Technician,60,130,80,60,60,70,460,86.4,3.92,Mushroom Pokémon,0.5,0.5,Shroomish,Fairy,Grass
287,Slakoth,Normal,,Truant,,,60,60,60,35,35,30,280,52.9,2.58,Slacker Pokémon,0.5,0.5,,Field,
288,Vigoroth,Normal,,Vital Spirit,,,80,80,80,55,55,90,440,102.5,4.58,Wild Monkey Pokémon,0.5,0.5,Slakoth,Field,
289,Slaking,Normal,,Truant,,,150,160,100,95,65,100,670,287.7,6.58,Lazy Pokémon,0.5,0.5,Vigoroth,Field,
290,Nincada,Bug,Ground,Compound Eyes,,Run Away,31,45,90,30,30,40,266,12.1,1.67,Trainee Pokémon,0.5,0.5,,Bug,
291,Ninjask,Bug,Flying,Speed Boost,,Infiltrator,61,90,45,50,50,160,456,26.5,2.58,Ninja Pokémon,0.5,0.5,Nincada,Bug,
292,Shedinja,Bug,Ghost,Wonder Guard,,Wonder Guard,1,90,45,30,30,40,236,2.6,2.58,Shed Pokémon,-1,-1,Nincada,Mineral,
293,Whismur,Normal,,Soundproof,,Rattled,64,51,23,51,23,28,240,35.9,2,Whisper Pokémon,0.5,0.5,,Monster,Field
294,Loudred,Normal,,Soundproof,,Scrappy,84,71,43,71,43,48,360,89.3,3.25,Big Voice Pokémon,0.5,0.5,Whismur,Monster,Field
295,Exploud,Normal,,Soundproof,,Scrappy,104,91,63,91,73,68,490,185.2,4.92,Loud Noise Pokémon,0.5,0.5,Loudred,Monster,Field
296,Makuhita,Fighting,,Thick Fat,Guts,Sheer Force,72,60,30,20,30,25,237,190.5,3.25,Guts Pokémon,0.5,0.5,,Human-Like,
297,Hariyama,Fighting,,Thick Fat,Guts,Sheer Force,144,120,60,40,60,50,474,559.5,7.58,Arm Thrust Pokémon,0.5,0.5,Makuhita,Human-Like,
298,Azurill,Normal,Fairy,Thick Fat,Huge Power,Sap Sipper,50,20,40,20,40,20,190,4.4,0.67,Polka Dot Pokémon,0.25,0.75,,Undiscovered,
299,Nosepass,Rock,,Sturdy,Magnet Pull,Sand Force,30,45,135,45,90,30,375,213.8,3.25,Compass Pokémon,0.5,0.5,,Mineral,
300,Skitty,Normal,,Cute Charm,Normalize,Wonder Skin,50,45,45,35,35,50,260,24.3,2,Kitten Pokémon,0.25,0.75,,Field,Fairy
301,Delcatty,Normal,,Cute Charm,Normalize,Wonder Skin,70,65,65,55,55,90,400,71.9,3.58,Prim Pokémon,0.25,0.75,Skitty,Field,Fairy
302,Sableye,Dark,Ghost,Keen Eye,Stall,Prankster,50,75,75,65,65,50,380,24.3,1.67,Darkness Pokémon,0.5,0.5,,Human-Like,
303,Mawile,Steel,Fairy,Hyper Cutter,Intimidate,Sheer Force,50,85,85,55,55,50,380,25.4,2,Deceiver Pokémon,0.5,0.5,,Field,Fairy
304,Aron,Steel,Rock,Sturdy,Rock Head,Heavy Metal,50,70,100,40,40,30,330,132.3,1.33,Iron Armor Pokémon,0.5,0.5,,Monster,
305,Lairon,Steel,Rock,Sturdy,Rock Head,Heavy Metal,60,90,140,50,50,40,430,264.6,2.92,Iron Armor Pokémon,0.5,0.5,Aron,Monster,
306,Aggron,Steel,Rock,Sturdy,Rock Head,Heavy Metal,70,110,180,60,60,50,530,793.7,6.92,Iron Armor Pokémon,0.5,0.5,Lairon,Monster,
307,Meditite,Fighting,Psychic,Pure Power,,Telepathy,30,40,55,40,55,60,280,24.7,2,Meditate Pokémon,0.5,0.5,,Human-Like,
308,Medicham,Fighting,Psychic,Pure Power,,Telepathy,60,60,75,60,75,80,410,69.4,4.25,Meditate Pokémon,0.5,0.5,Meditite,Human-Like,
309,Electrike,Electric,,Static,Lightning Rod,Minus,40,45,40,65,40,65,295,33.5,2,Lightning Pokémon,0.5,0.5,,Field,
310,Manectric,Electric,,Static,Lightning Rod,Minus,70,75,60,105,60,105,475,88.6,4.92,Discharge Pokémon,0.5,0.5,Electrike,Field,
311,Plusle,Electric,,Plus,,Lightning Rod,60,50,40,85,75,95,405,9.3,1.33,Cheering Pokémon,0.5,0.5,,Fairy,
312,Minun,Electric,,Minus,,Volt Absorb,60,40,50,75,85,95,405,9.3,1.33,Cheering Pokémon,0.5,0.5,,Fairy,
313,Volbeat,Bug,,Illuminate,Swarm,Prankster,65,73,75,47,85,85,430,39,2.33,Firefly Pokémon,1,0,,Bug,Human-Like
314,Illumise,Bug,,Oblivious,Tinted Lens,Prankster,65,47,75,73,85,85,430,39,2,Firefly Pokémon,0,1,,Bug,Human-Like
315,Roselia,Grass,Poison,Natural Cure,Poison Point,Leaf Guard,50,60,45,100,80,65,400,4.4,1,Thorn Pokémon,0.5,0.5,Budew,Fairy,Grass
316,Gulpin,Poison,,Liquid Ooze,Sticky Hold,Gluttony,70,43,53,43,53,40,302,22.7,1.33,Stomach Pokémon,0.5,0.5,,Amorphous,
317,Swalot,Poison,,Liquid Ooze,Sticky Hold,Gluttony,100,73,83,73,83,55,467,176.4,5.58,Poison Bag Pokémon,0.5,0.5,Gulpin,Amorphous,
318,Carvanha,Water,Dark,Rough Skin,,Speed Boost,45,90,20,65,20,65,305,45.9,2.58,Savage Pokémon,0.5,0.5,,Water 2,
319,Sharpedo,Water,Dark,Rough Skin,,Speed Boost,70,120,40,95,40,95,460,195.8,5.92,Brutal Pokémon,0.5,0.5,Carvanha,Water 2,
320,Wailmer,Water,,Water Veil,Oblivious,Pressure,130,70,35,70,35,60,400,286.6,6.58,Ball Whale Pokémon,0.5,0.5,,Field,Water 2
321,Wailord,Water,,Water Veil,Oblivious,Pressure,170,90,45,90,45,60,500,877.4,47.58,Float Whale Pokémon,0.5,0.5,Wailmer,Field,Water 2
322,Numel,Fire,Ground,Oblivious,Simple,Own Tempo,60,60,40,65,45,35,305,52.9,2.33,Numb Pokémon,0.5,0.5,,Field,
323,Camerupt,Fire,Ground,Magma Armor,Solid Rock,Anger Point,70,100,70,105,75,40,460,485,6.25,Eruption Pokémon,0.5,0.5,Numel,Field,
324,Torkoal,Fire,,White Smoke,Drought,Shell Armor,70,85,140,85,70,20,470,177.2,1.67,Coal Pokémon,0.5,0.5,,Field,
325,Spoink,Psychic,,Thick Fat,Own Tempo,Gluttony,60,25,35,70,80,60,330,67.5,2.33,Bounce Pokémon,0.5,0.5,,Field,
326,Grumpig,Psychic,,Thick Fat,Own Tempo,Gluttony,80,45,65,90,110,80,470,157.6,2.92,Manipulate Pokémon,0.5,0.5,Spoink,Field,
327,Spinda,Normal,,Own Tempo,Tangled Feet,Contrary,60,60,60,60,60,60,360,11,3.58,Spot Panda Pokémon,0.5,0.5,,Field,Human-Like
328,Trapinch,Ground,,Hyper Cutter,Arena Trap,Sheer Force,45,100,45,45,45,10,290,33.1,2.33,Ant Pit Pokémon,0.5,0.5,,Bug,
329,Vibrava,Ground,Dragon,Levitate,,,50,70,50,50,50,70,340,33.7,3.58,Vibration Pokémon,0.5,0.5,Trapinch,Bug,
330,Flygon,Ground,Dragon,Levitate,,,80,100,80,80,80,100,520,180.8,6.58,Mystic Pokémon,0.5,0.5,Vibrava,Bug,
331,Cacnea,Grass,,Sand Veil,,Water Absorb,50,85,40,85,40,35,335,113.1,1.33,Cactus Pokémon,0.5,0.5,,Grass,Human-Like
332,Cacturne,Grass,Dark,Sand Veil,,Water Absorb,70,115,60,115,60,55,475,170.6,4.25,Scarecrow Pokémon,0.5,0.5,Cacnea,Grass,Human-Like
333,Swablu,Normal,Flying,Natural Cure,,Cloud Nine,45,40,60,40,75,50,310,2.6,1.33,Cotton Bird Pokémon,0.5,0.5,,Flying,Dragon
334,Altaria,Dragon,Flying,Natural Cure,,Cloud Nine,75,70,90,70,105,80,490,45.4,3.58,Humming Pokémon,0.5,0.5,Swablu,Flying,Dragon
335,Zangoose,Normal,,Immunity,,Toxic Boost,73,115,60,60,60,90,458,88.8,4.25,Cat Ferret Pokémon,0.5,0.5,,Field,
336,Seviper,Poison,,Shed Skin,,Infiltrator,73,100,60,100,60,65,458,115.7,8.83,Fang Snake Pokémon,0.5,0.5,,Field,Dragon
337,Lunatone,Rock,Psychic,Levitate,,,90,55,65,95,85,70,460,370.4,3.25,Meteorite Pokémon,-1,-1,,Mineral,
338,Solrock,Rock,Psychic,Levitate,,,90,95,85,55,65,70,460,339.5,3.92,Meteorite Pokémon,-1,-1,,Mineral,
339,Barboach,Water,Ground,Oblivious,Anticipation,Hydration,50,48,43,46,41,60,288,4.2,1.33,Whiskers Pokémon,0.5,0.5,,Water 2,
340,Whiscash,Water,Ground,Oblivious,Anticipation,Hydration,110,78,73,76,71,60,468,52,2.92,Whiskers Pokémon,0.5,0.5,Barboach,Water 2,
341,Corphish,Water,,Hyper Cutter,Shell Armor,Adaptability,43,80,65,50,35,35,308,25.4,2,Ruffian Pokémon,0.5,0.5,,Water 1,Water 3
342,Crawdaunt,Water,Dark,Hyper Cutter,Shell Armor,Adaptability,63,120,85,90,55,55,468,72.3,3.58,Rogue Pokémon,0.5,0.5,Corphish,Water 1,Water 3
343,Baltoy,Ground,Psychic,Levitate,,,40,40,55,40,70,55,300,47.4,1.67,Clay Doll Pokémon,-1,-1,,Mineral,
344,Claydol,Ground,Psychic,Levitate,,,60,70,105,70,120,75,500,238.1,4.92,Clay Doll Pokémon,-1,-1,Baltoy,Mineral,
345,Lileep,Rock,Grass,Suction Cups,,Storm Drain,66,41,77,61,87,23,355,52.5,3.25,Sea Lily Pokémon,0.875,0.125,,Water 3,
346,Cradily,Rock,Grass,Suction Cups,,Storm Drain,86,81,97,81,107,43,495,133.2,4.92,Barnacle Pokémon,0.875,0.125,Lileep,Water 3,
347,Anorith,Rock,Bug,Battle Armor,,Swift Swim,45,95,50,40,50,75,355,27.6,2.33,Old Shrimp Pokémon,0.875,0.125,,Water 3,
348,Armaldo,Rock,Bug,Battle Armor,,Swift Swim,75,125,100,70,80,45,495,150.4,4.92,Plate Pokémon,0.875,0.125,Anorith,Water 3,
349,Feebas,Water,,Swift Swim,Oblivious,Adaptability,20,15,20,10,55,80,200,16.3,2,Fish Pokémon,0.5,0.5,,Water 1,Dragon
350,Milotic,Water,,Marvel Scale,Competitive,Cute Charm,95,60,79,100,125,81,540,357.1,20.33,Tender Pokémon,0.5,0.5,Feebas,Water 1,Dragon
351,Castform,Normal,,Forecast,,,70,70,70,70,70,70,420,1.8,1,Weather Pokémon,0.5,0.5,,Fairy,Amorphous
352,Kecleon,Normal,,Color Change,,Protean,60,90,70,60,120,40,440,48.5,3.25,Color Swap Pokémon,0.5,0.5,,Field,
353,Shuppet,Ghost,,Insomnia,Frisk,Cursed Body,44,75,35,63,33,45,295,5.1,2,Puppet Pokémon,0.5,0.5,,Amorphous,
354,Banette,Ghost,,Insomnia,Frisk,Cursed Body,64,115,65,83,63,65,455,27.6,3.58,Marionette Pokémon,0.5,0.5,Shuppet,Amorphous,
355,Duskull,Ghost,,Levitate,,Frisk,20,40,90,30,90,25,295,33.1,2.58,Requiem Pokémon,0.5,0.5,,Amorphous,
356,Dusclops,Ghost,,Pressure,,Frisk,40,70,130,60,130,25,455,67.5,5.25,Beckon Pokémon,0.5,0.5,Duskull,Amorphous,
357,Tropius,Grass,Flying,Chlorophyll,Solar Power,Harvest,99,68,83,72,87,51,460,220.5,6.58,Fruit Pokémon,0.5,0.5,,Monster,Grass
358,Chimecho,Psychic,,Levitate,,,75,50,80,95,90,65,455,2.2,2,Wind Chime Pokémon,0.5,0.5,Chingling,Amorphous,
359,Absol,Dark,,Pressure,Super Luck,Justified,65,130,60,75,60,75,465,103.6,3.92,Disaster Pokémon,0.5,0.5,,Field,
360,Wynaut,Psychic,,Shadow Tag,,Telepathy,95,23,48,23,48,23,260,30.9,2,Bright Pokémon,0.5,0.5,,Undiscovered,
361,Snorunt,Ice,,Inner Focus,Ice Body,Moody,50,50,50,50,50,50,300,37,2.33,Snow Hat Pokémon,0.5,0.5,,Fairy,Mineral
362,Glalie,Ice,,Inner Focus,Ice Body,Moody,80,80,80,80,80,80,480,565.5,4.92,Face Pokémon,0.5,0.5,Snorunt,Fairy,Mineral
363,Spheal,Ice,Water,Thick Fat,Ice Body,Oblivious,70,40,50,55,50,25,290,87.1,2.58,Clap Pokémon,0.5,0.5,,Water 1,Field
364,Sealeo,Ice,Water,Thick Fat,Ice Body,Oblivious,90,60,70,75,70,45,410,193.1,3.58,Ball Roll Pokémon,0.5,0.5,Spheal,Water 1,Field
365,Walrein,Ice,Water,Thick Fat,Ice Body,Oblivious,110,80,90,95,90,65,530,332,4.58,Ice Break Pokémon,0.5,0.5,Sealeo,Water 1,Field
366,Clamperl,Water,,Shell Armor,,Rattled,35,64,85,74,55,32,345,115.7,1.33,Bivalve Pokémon,0.5,0.5,,Water 1,
367,Huntail,Water,,Swift Swim,,Water Veil,55,104,105,94,75,52,485,59.5,5.58,Deep Sea Pokémon,0.5,0.5,Clamperl,Water 1,
368,Gorebyss,Water,,Swift Swim,,Hydration,55,84,105,114,75,52,485,49.8,5.92,South Sea Pokémon,0.5,0.5,Clamperl,Water 1,
369,Relicanth,Water,Rock,Swift Swim,Rock Head,Sturdy,100,90,130,45,65,55,485,51.6,3.25,Longevity Pokémon,0.5,0.5,,Water 1,Water 2
370,Luvdisc,Water,,Swift Swim,,Hydration,43,30,55,40,65,97,330,19.2,2,Rendezvous Pokémon,0.25,0.75,,Water 2,
371,Bagon,Dragon,,Rock Head,,Sheer Force,45,75,60,40,30,50,300,92.8,2,Rock Head Pokémon,0.5,0.5,,Dragon,
372,Shelgon,Dragon,,Rock Head,,Overcoat,65,95,100,60,50,50,420,243.6,3.58,Endurance Pokémon,0.5,0.5,Bagon,Dragon,
373,Salamence,Dragon,Flying,Intimidate,,Moxie,95,135,80,110,80,100,600,226.2,4.92,Dragon Pokémon,0.5,0.5,Shelgon,Dragon,
374,Beldum,Steel,Psychic,Clear Body,,Light Metal,40,55,80,35,60,30,300,209.9,2,Iron Ball Pokémon,-1,-1,,Mineral,
375,Metang,Steel,Psychic,Clear Body,,Light Metal,60,75,100,55,80,50,420,446.4,3.92,Iron Claw Pokémon,-1,-1,Beldum,Mineral,
376,Metagross,Steel,Psychic,Clear Body,,Light Metal,80,135,130,95,90,70,600,1212.5,5.25,Iron Leg Pokémon,-1,-1,Metang,Mineral,
377,Regirock,Rock,,Clear Body,,Sturdy,80,100,200,50,100,50,580,507.1,5.58,Rock Peak Pokémon,-1,-1,,Undiscovered,
378,Regice,Ice,,Clear Body,,Ice Body,80,50,100,100,200,50,580,385.8,5.92,Iceberg Pokémon,-1,-1,,Undiscovered,
379,Registeel,Steel,,Clear Body,,Light Metal,80,75,150,75,150,50,580,451.9,6.25,Iron Pokémon,-1,-1,,Undiscovered,
380,Latias,Dragon,Psychic,Levitate,,,80,80,90,110,130,110,600,88.2,4.58,Eon Pokémon,0,1,,Undiscovered,
381,Latios,Dragon,Psychic,Levitate,,,80,90,80,130,110,110,600,132.3,6.58,Eon Pokémon,1,0,,Undiscovered,
382,Kyogre,Water,,Drizzle,,,100,100,90,150,140,90,670,776,14.75,Sea Basin Pokémon,-1,-1,,Undiscovered,
383,Groudon,Ground,,Drought,,,100,150,140,100,90,90,670,2094.4,11.5,Continent Pokémon,-1,-1,,Undiscovered,
384,Rayquaza,Dragon,Flying,Air Lock,,,105,150,90,150,90,95,680,455.2,23,Sky High Pokémon,-1,-1,,Undiscovered,
385,Jirachi,Steel,Psychic,Serene Grace,,,100,100,100,100,100,100,600,2.4,1,Wish Pokémon,-1,-1,,Undiscovered,
386,Deoxys,Psychic,,Pressure,,,50,150,50,150,50,150,600,134,5.58,DNA Pokémon,-1,-1,,Undiscovered,
387,Turtwig,Grass,,Overgrow,,Shell Armor,55,68,64,45,55,31,318,22.5,1.33,Tiny Leaf Pokémon,0.875,0.125,,Monster,Grass
388,Grotle,Grass,,Overgrow,,Shell Armor,75,89,85,55,65,36,405,213.8,3.58,Grove Pokémon,0.875,0.125,Turtwig,Monster,Grass
389,Torterra,Grass,Ground,Overgrow,,Shell Armor,95,109,105,75,85,56,525,683.4,7.25,Continent Pokémon,0.875,0.125,Grotle,Monster,Grass
390,Chimchar,Fire,,Blaze,,Iron Fist,44,58,44,58,44,61,309,13.7,1.67,Chimp Pokémon,0.875,0.125,,Field,Human-Like
391,Monferno,Fire,Fighting,Blaze,,Iron Fist,64,78,52,78,52,81,405,48.5,2.92,Playful Pokémon,0.875,0.125,Chimchar,Field,Human-Like
392,Infernape,Fire,Fighting,Blaze,,Iron Fist,76,104,71,104,71,108,534,121.3,3.92,Flame Pokémon,0.875,0.125,Monferno,Field,Human-Like
393,Piplup,Water,,Torrent,,Defiant,53,51,53,61,56,40,314,11.5,1.33,Penguin Pokémon,0.875,0.125,,Water 1,Field
394,Prinplup,Water,,Torrent,,Defiant,64,66,68,81,76,50,405,50.7,2.58,Penguin Pokémon,0.875,0.125,Piplup,Water 1,Field
395,Empoleon,Water,Steel,Torrent,,Defiant,84,86,88,111,101,60,530,186.3,5.58,Emperor Pokémon,0.875,0.125,Prinplup,Water 1,Field
396,Starly,Normal,Flying,Keen Eye,,Reckless,40,55,30,30,30,60,245,4.4,1,Starling Pokémon,0.5,0.5,,Flying,
397,Staravia,Normal,Flying,Intimidate,,Reckless,55,75,50,40,40,80,340,34.2,2,Starling Pokémon,0.5,0.5,Starly,Flying,
398,Staraptor,Normal,Flying,Intimidate,,Reckless,85,120,70,50,60,100,485,54.9,3.92,Predator Pokémon,0.5,0.5,Staravia,Flying,
399,Bidoof,Normal,,Simple,Unaware,Moody,59,45,40,35,40,31,250,44.1,1.67,Plump Mouse Pokémon,0.5,0.5,,Water 1,Field
400,Bibarel,Normal,Water,Simple,Unaware,Moody,79,85,60,55,60,71,410,69.4,3.25,Beaver Pokémon,0.5,0.5,Bidoof,Water 1,Field
401,Kricketot,Bug,,Shed Skin,,Run Away,37,25,41,25,41,25,194,4.9,1,Cricket Pokémon,0.5,0.5,,Bug,
402,Kricketune,Bug,,Swarm,,Technician,77,85,51,55,51,65,384,56.2,3.25,Cricket Pokémon,0.5,0.5,Kricketot,Bug,
403,Shinx,Electric,,Rivalry,Intimidate,Guts,45,65,34,40,34,45,263,20.9,1.67,Flash Pokémon,0.5,0.5,,Field,
404,Luxio,Electric,,Rivalry,Intimidate,Guts,60,85,49,60,49,60,363,67.2,2.92,Spark Pokémon,0.5,0.5,Shinx,Field,
405,Luxray,Electric,,Rivalry,Intimidate,Guts,80,120,79,95,79,70,523,92.6,4.58,Gleam Eyes Pokémon,0.5,0.5,Luxio,Field,
406,Budew,Grass,Poison,Mold Breaker,,Sheer Force,40,30,35,50,70,55,280,2.6,0.67,Bud Pokémon,0.5,0.5,,Undiscovered,
407,Roserade,Grass,Poison,Mold Breaker,,Sheer Force,60,70,65,125,105,90,515,32,2.92,Bouquet Pokémon,0.5,0.5,Roselia,Fairy,Grass
408,Cranidos,Rock,,Sturdy,,Soundproof,67,125,40,30,30,58,350,69.4,2.92,Head Butt Pokémon,0.875,0.125,,Monster,
409,Rampardos,Rock,,Sturdy,,Soundproof,97,165,60,65,50,58,495,226,5.25,Head Butt Pokémon,0.875,0.125,Cranidos,Monster,
410,Shieldon,Rock,Steel,Shed Skin,,Overcoat,30,42,118,42,88,30,350,125.7,1.67,Shield Pokémon,0.875,0.125,,Monster,
411,Bastiodon,Rock,Steel,Shed Skin,,Overcoat,60,52,168,47,138,30,495,329.6,4.25,Shield Pokémon,0.875,0.125,Shieldon,Monster,
412,Burmy,Bug,,Shed Skin,,Overcoat,40,29,45,29,45,36,224,7.5,0.67,Bagworm Pokémon,0.5,0.5,,Bug,
413,Wormadam,Bug,Grass,Anticipation,,Overcoat,60,59,85,79,105,36,424,14.3,1.67,Bagworm Pokémon,0,1,Burmy,Bug,
414,Mothim,Bug,Flying,Swarm,,Tinted Lens,70,94,50,94,50,66,424,51.4,2.92,Moth Pokémon,1,0,Burmy,Bug,
415,Combee,Bug,Flying,Honey Gather,,Hustle,30,30,42,30,42,70,244,12.1,1,Tiny Bee Pokémon,0.875,0.125,,Bug,
416,Vespiquen,Bug,Flying,Pressure,,Unnerve,70,80,102,80,102,40,474,84.9,3.92,Beehive Pokémon,0,1,Combee,Bug,
417,Pachirisu,Electric,,Run Away,Pickup,Volt Absorb,60,45,70,45,90,95,405,8.6,1.33,EleSquirrel Pokémon,0.5,0.5,,Field,Fairy
418,Buizel,Water,,Swift Swim,,Water Veil,55,65,35,60,30,85,330,65,2.33,Sea Weasel Pokémon,0.5,0.5,,Water 1,Field
419,Floatzel,Water,,Swift Swim,,Water Veil,85,105,55,85,50,115,495,73.9,3.58,Sea Weasel Pokémon,0.5,0.5,Buizel,Water 1,Field
420,Cherubi,Grass,,Chlorophyll,,,45,35,45,62,53,35,275,7.3,1.33,Cherry Pokémon,0.5,0.5,,Fairy,Grass
421,Cherrim,Grass,,Flower Gift,,,70,60,70,87,78,85,450,20.5,1.67,Blossom Pokémon,0.5,0.5,Cherubi,Fairy,Grass
422,Shellos,Water,,Sticky Hold,Storm Drain,Sand Force,76,48,48,57,62,34,325,13.9,1,Sea Slug Pokémon,0.5,0.5,,Water 1,Amorphous
423,Gastrodon,Water,Ground,Sticky Hold,Storm Drain,Sand Force,111,83,68,92,82,39,475,65.9,2.92,Sea Slug Pokémon,0.5,0.5,Shellos,Water 1,Amorphous
424,Ambipom,Normal,,Technician,Pickup,Skill Link,75,100,66,60,66,115,482,44.8,3.92,Long Tail Pokémon,0.5,0.5,Aipom,Field,
425,Drifloon,Ghost,Flying,Aftermath,Unburden,Flare Boost,90,50,34,60,44,70,348,2.6,1.33,Balloon Pokémon,0.5,0.5,,Amorphous,
426,Drifblim,Ghost,Flying,Aftermath,Unburden,Flare Boost,150,80,44,90,54,80,498,33.1,3.92,Blimp Pokémon,0.5,0.5,Drifloon,Amorphous,
427,Buneary,Normal,,Run Away,Klutz,Limber,55,66,44,44,56,85,350,12.1,1.33,Rabbit Pokémon,0.5,0.5,,Field,Human-Like
428,Lopunny,Normal,,Cute Charm,Klutz,Limber,65,76,84,54,96,105,480,73.4,3.92,Rabbit Pokémon,0.5,0.5,Buneary,Field,Human-Like
429,Mismagius,Ghost,,Levitate,,,60,60,60,105,105,105,495,9.7,2.92,Magical Pokémon,0.5,0.5,Misdreavus,Amorphous,
430,Honchkrow,Dark,Flying,Insomnia,Super Luck,Moxie,100,125,52,105,52,71,505,60.2,2.92,Big Boss Pokémon,0.5,0.5,Murkrow,Flying,
431,Glameow,Normal,,Limber,Own Tempo,Keen Eye,49,55,42,42,37,85,310,8.6,1.67,Catty Pokémon,0.25,0.75,,Field,
432,Purugly,Normal,,Thick Fat,Own Tempo,Defiant,71,82,64,64,59,112,452,96.6,3.25,Tiger Cat Pokémon,0.25,0.75,Glameow,Field,
433,Chingling,Psychic,,Levitate,,,45,30,50,65,50,45,285,1.3,0.67,Bell Pokémon,0.5,0.5,,Undiscovered,
434,Stunky,Poison,Dark,Stench,Aftermath,Keen Eye,63,63,47,41,41,74,329,42.3,1.33,Skunk Pokémon,0.5,0.5,,Field,
435,Skuntank,Poison,Dark,Stench,Aftermath,Keen Eye,103,93,67,71,61,84,479,83.8,3.25,Skunk Pokémon,0.5,0.5,Stunky,Field,
436,Bronzor,Steel,Psychic,Levitate,Heatproof,Heavy Metal,57,24,86,24,86,23,300,133.4,1.67,Bronze Pokémon,-1,-1,,Mineral,
437,Bronzong,Steel,Psychic,Levitate,Heatproof,Heavy Metal,67,89,116,79,116,33,500,412.3,4.25,Bronze Bell Pokémon,-1,-1,Bronzor,Mineral,
438,Bonsly,Rock,,Sturdy,Rock Head,Rattled,50,80,95,10,45,10,290,33.1,1.67,Bonsai Pokémon,0.5,0.5,,Undiscovered,
439,Mime Jr.,Psychic,Fairy,Soundproof,Filter,Technician,20,25,45,70,90,60,310,28.7,2,Mime Pokémon,0.5,0.5,,Undiscovered,
440,Happiny,Normal,,Natural Cure,Serene Grace,Friend Guard,100,5,5,15,65,30,220,53.8,2,Playhouse Pokémon,0,1,,Undiscovered,
441,Chatot,Normal,Flying,Keen Eye,Tangled Feet,Big Pecks,76,65,45,92,42,91,411,4.2,1.67,Music Note Pokémon,0.5,0.5,,Flying,
442,Spiritomb,Ghost,,Pressure,,Infiltrator,50,92,108,92,108,35,485,238.1,3.25,Forbidden Pokémon,0.5,0.5,,Amorphous,
443,Gible,Dragon,Ground,Sand Veil,,Rough Skin,58,70,45,40,45,42,300,45.2,2.33,Land Shark Pokémon,0.5,0.5,,Monster,Dragon
444,Gabite,Dragon,Ground,Sand Veil,,Rough Skin,68,90,65,50,55,82,410,123.5,4.58,Cave Pokémon,0.5,0.5,Gible,Monster,Dragon
445,Garchomp,Dragon,Ground,Sand Veil,,Rough Skin,108,130,95,80,85,102,600,209.4,6.25,Mach Pokémon,0.5,0.5,Gabite,Monster,Dragon
446,Munchlax,Normal,,Pickup,Thick Fat,Gluttony,135,85,40,40,85,5,390,231.5,2,Big Eater Pokémon,0.875,0.125,,Undiscovered,
447,Riolu,Fighting,,Steadfast,Inner Focus,Prankster,40,70,40,35,40,60,285,44.5,2.33,Emanation Pokémon,0.875,0.125,,Undiscovered,
448,Lucario,Fighting,Steel,Steadfast,Inner Focus,Justified,70,110,70,115,70,90,525,119,3.92,Aura Pokémon,0.875,0.125,Riolu,Field,Human-Like
449,Hippopotas,Ground,,Sand Stream,,Sand Force,68,72,78,38,42,32,330,109.1,2.58,Hippo Pokémon,0.5,0.5,,Field,
450,Hippowdon,Ground,,Sand Stream,,Sand Force,108,112,118,68,72,47,525,661.4,6.58,Heavyweight Pokémon,0.5,0.5,Hippopotas,Field,
451,Skorupi,Poison,Bug,Battle Armor,Sniper,Keen Eye,40,50,90,30,55,65,330,26.5,2.58,Scorpion Pokémon,0.5,0.5,,Bug,Water 3
452,Drapion,Poison,Dark,Battle Armor,Sniper,Keen Eye,70,90,110,60,75,95,500,135.6,4.25,Ogre Scorpion Pokémon,0.5,0.5,Skorupi,Bug,Water 3
453,Croagunk,Poison,Fighting,Anticipation,Dry Skin,Poison Touch,48,61,40,61,40,50,300,50.7,2.33,Toxic Mouth Pokémon,0.5,0.5,,Human-Like,
454,Toxicroak,Poison,Fighting,Anticipation,Dry Skin,Poison Touch,83,106,65,86,65,85,490,97.9,4.25,Toxic Mouth Pokémon,0.5,0.5,Croagunk,Human-Like,
455,Carnivine,Grass,,Levitate,,,74,100,72,90,72,46,454,59.5,4.58,Bug Catcher Pokémon,0.5,0.5,,Grass,
456,Finneon,Water,,Swift Swim,Storm Drain,Water Veil,49,49,56,49,61,66,330,15.4,1.33,Wing Fish Pokémon,0.5,0.5,,Water 2,
457,Lumineon,Water,,Swift Swim,Storm Drain,Water Veil,69,69,76,69,86,91,460,52.9,3.92,Neon Pokémon,0.5,0.5,Finneon,Water 2,
458,Mantyke,Water,Flying,Swift Swim,Water Absorb,Water Veil,45,20,50,60,120,50,345,143.3,3.25,Kite Pokémon,0.5,0.5,,Undiscovered,
459,Snover,Grass,Ice,Snow Warning,,Soundproof,60,62,50,62,60,40,334,111.3,3.25,Frost Tree Pokémon,0.5,0.5,,Monster,Grass
460,Abomasnow,Grass,Ice,Snow Warning,,Soundproof,90,92,75,92,85,60,494,298.7,7.25,Frost Tree Pokémon,0.5,0.5,Snover,Monster,Grass
461,Weavile,Dark,Ice,Pressure,,Pickpocket,70,120,65,45,85,125,510,75,3.58,Sharp Claw Pokémon,0.5,0.5,Sneasel,Field,
462,Magnezone,Electric,Steel,Magnet Pull,Sturdy,Analytic,70,70,115,130,90,60,535,396.8,3.92,Magnet Area Pokémon,0.5,0.5,Magneton,Mineral,
463,Lickilicky,Normal,,Own Tempo,Oblivious,Cloud Nine,110,85,95,80,95,50,515,308.6,5.58,Licking Pokémon,0.5,0.5,Lickitung,Monster,
464,Rhyperior,Ground,Rock,Lightning Rod,Solid Rock,Reckless,115,140,130,55,55,40,535,623.5,7.83,Drill Pokémon,0.5,0.5,Rhydon,Monster,Field
465,Tangrowth,Grass,,Chlorophyll,Leaf Guard,Regenerator,100,100,125,110,50,50,535,283.5,6.58,Vine Pokémon,0.5,0.5,Tangela,Grass,
466,Electivire,Electric,,Motor Drive,,Vital Spirit,75,123,67,95,85,95,540,305.6,5.92,Thunderbolt Pokémon,0.5,0.5,Electabuzz,Human-Like,
467,Magmortar,Fire,,Flame Body,,Vital Spirit,75,95,67,125,95,83,540,149.9,5.25,Blast Pokémon,0.5,0.5,Magmar,Human-Like,
468,Togekiss,Fairy,Flying,Hustle,Serene Grace,Super Luck,85,50,95,120,115,80,545,83.8,4.92,Jubilee Pokémon,0.875,0.125,Togetic,Flying,Fairy
469,Yanmega,Bug,Flying,Speed Boost,Tinted Lens,Frisk,86,76,86,116,56,95,515,113.5,6.25,Ogre Darner Pokémon,0.5,0.5,Yanma,Bug,
470,Leafeon,Grass,,Leaf Guard,,Chlorophyll,65,110,130,60,65,95,525,56.2,3.25,Verdant Pokémon,0.875,0.125,Eevee,Field,
471,Glaceon,Ice,,Snow Cloak,,Ice Body,65,60,110,130,95,65,525,57.1,2.58,Fresh Snow Pokémon,0.875,0.125,Eevee,Field,
472,Gliscor,Ground,Flying,Hyper Cutter,Sand Veil,Poison Heal,75,95,125,45,75,95,510,93.7,6.58,Fang Scorpion Pokémon,0.5,0.5,Gligar,Bug,
473,Mamoswine,Ice,Ground,Oblivious,Snow Cloak,Thick Fat,110,130,80,70,60,80,530,641.5,8.17,Twin Tusk Pokémon,0.5,0.5,Piloswine,Field,
474,Porygon-Z,Normal,,Adaptability,Download,Analytic,85,80,70,135,75,90,535,75,2.92,Virtual Pokémon,-1,-1,Porygon2,Mineral,
475,Gallade,Psychic,Fighting,Steadfast,,Justified,68,125,65,65,115,80,518,114.6,5.25,Blade Pokémon,1,0,Kirlia,Amorphous,
476,Probopass,Rock,Steel,Sturdy,Magnet Pull,Sand Force,60,55,145,75,150,40,525,749.6,4.58,Compass Pokémon,0.5,0.5,Nosepass,Mineral,
477,Dusknoir,Ghost,,Pressure,,Frisk,45,100,135,65,135,45,525,235,7.25,Gripper Pokémon,0.5,0.5,Dusclops,Amorphous,
478,Froslass,Ice,Ghost,Snow Cloak,,Cursed Body,70,80,70,80,70,110,480,58.6,4.25,Snow Land Pokémon,0,1,Snorunt,Fairy,Mineral
479,Rotom,Electric,Ghost,Levitate,,,50,50,77,95,77,91,440,0.7,1,Plasma Pokémon,-1,-1,,Amorphous,
480,Uxie,Psychic,,Levitate,,,75,75,130,75,130,95,580,0.7,1,Knowledge Pokémon,-1,-1,,Undiscovered,
481,Mesprit,Psychic,,Levitate,,,80,105,105,105,105,80,580,0.7,1,Emotion Pokémon,-1,-1,,Undiscovered,
482,Azelf,Psychic,,Levitate,,,75,125,70,125,70,115,580,0.7,1,Willpower Pokémon,-1,-1,,Undiscovered,
483,Dialga,Steel,Dragon,Pressure,,Telepathy,100,120,120,150,100,90,680,1505.8,17.75,Temporal Pokémon,-1,-1,,Undiscovered,
484,Palkia,Water,Dragon,Pressure,,Telepathy,90,120,100,150,120,100,680,740.8,13.75,Spatial Pokémon,-1,-1,,Undiscovered,
485,Heatran,Fire,Steel,Flash Fire,,Flame Body,91,90,106,130,106,77,600,948,5.58,Lava Dome Pokémon,0.5,0.5,,Undiscovered,
486,Regigigas,Normal,,Slow Start,,,110,160,110,80,110,100,670,925.9,12.17,Colossal Pokémon,-1,-1,,Undiscovered,
487,Giratina,Ghost,Dragon,Pressure,,Telepathy,150,100,120,100,120,90,680,1653.5,14.75,Renegade Pokémon,-1,-1,,Undiscovered,
488,Cresselia,Psychic,,Levitate,,,120,70,120,75,130,85,600,188.7,4.92,Lunar Pokémon,-1,-1,,Undiscovered,
489,Phione,Water,,Hydration,,,80,80,80,80,80,80,480,6.8,1.33,Sea Drifter Pokémon,-1,-1,,Water 1,Fairy
490,Manaphy,Water,,Hydration,,,100,100,100,100,100,100,600,3.1,1,Seafaring Pokémon,-1,-1,,Water 1,Fairy
491,Darkrai,Dark,,Bad Dreams,,,70,90,90,135,90,125,600,111.3,4.92,Pitch-Black Pokémon,-1,-1,,Undiscovered,
492,Shaymin,Grass,,Natural Cure,,,100,100,100,100,100,100,600,4.6,0.67,Gratitude Pokémon,-1,-1,,Undiscovered,
493,Arceus,Normal,,Multitype,,,120,120,120,120,120,120,720,705.5,10.5,Alpha Pokémon,-1,-1,,Undiscovered,
494,Victini,Psychic,Fire,Victory Star,,,100,100,100,100,100,100,600,8.8,1.33,Victory Pokémon,0,1,,Undiscovered,
495,Snivy,Grass,,Overgrow,,Contrary,45,45,55,45,55,63,308,17.9,2,Grass Snake Pokémon,0.875,0.125,,Field,Grass
496,Servine,Grass,,Overgrow,,Contrary,60,60,75,60,75,83,413,35.3,2.58,Grass Snake Pokémon,0.875,0.125,Snivy,Field,Grass
497,Serperior,Grass,,Overgrow,,Contrary,75,75,95,75,95,113,528,138.9,10.83,Regal Pokémon,0.875,0.125,Servine,Field,Grass
498,Tepig,Fire,,Blaze,,Thick Fat,65,63,45,45,45,45,308,21.8,1.67,Fire Pig Pokémon,0.875,0.125,,Field,
499,Pignite,Fire,Fighting,Blaze,,Thick Fat,90,93,55,70,55,55,418,122.4,3.25,Fire Pig Pokémon,0.875,0.125,Tepig,Field,
500,Emboar,Fire,Fighting,Blaze,,Reckless,110,123,65,100,65,65,528,330.7,5.25,Mega Fire Pig Pokémon,0.875,0.125,Pignite,Field,
501,Oshawott,Water,,Torrent,,Shell Armor,55,55,45,63,45,45,308,13,1.67,Sea Otter Pokémon,0.875,0.125,,Field,
502,Dewott,Water,,Torrent,,Shell Armor,75,75,60,83,60,60,413,54,2.58,Discipline Pokémon,0.875,0.125,Oshawott,Field,
503,Samurott,Water,,Torrent,,Shell Armor,95,100,85,108,70,70,528,208.6,4.92,Formidable Pokémon,0.875,0.125,Dewott,Field,
504,Patrat,Normal,,Run Away,Keen Eye,Analytic,45,55,39,35,39,42,255,25.6,1.67,Scout Pokémon,0.5,0.5,,Field,
505,Watchog,Normal,,Illuminate,Keen Eye,Analytic,60,85,69,60,69,77,420,59.5,3.58,Lookout Pokémon,0.5,0.5,Patrat,Field,
506,Lillipup,Normal,,Vital Spirit,Pickup,Run Away,45,60,45,25,45,55,275,9,1.33,Puppy Pokémon,0.5,0.5,,Field,
507,Herdier,Normal,,Intimidate,Sand Rush,Scrappy,65,80,65,35,65,60,370,32.4,2.92,Loyal Dog Pokémon,0.5,0.5,Lillipup,Field,
508,Stoutland,Normal,,Intimidate,Sand Rush,Scrappy,85,110,90,45,90,80,500,134.5,3.92,Big-Hearted Pokémon,0.5,0.5,Herdier,Field,
509,Purrloin,Dark,,Limber,Unburden,Prankster,41,50,37,50,37,66,281,22.3,1.33,Devious Pokémon,0.5,0.5,,Field,
510,Liepard,Dark,,Limber,Unburden,Prankster,64,88,50,88,50,106,446,82.7,3.58,Cruel Pokémon,0.5,0.5,Purrloin,Field,
511,Pansage,Grass,,Gluttony,,Overgrow,50,53,48,53,48,64,316,23.1,2,Grass Monkey Pokémon,0.875,0.125,,Field,
512,Simisage,Grass,,Gluttony,,Overgrow,75,98,63,98,63,101,498,67.2,3.58,Thorn Monkey Pokémon,0.875,0.125,Pansage,Field,
513,Pansear,Fire,,Gluttony,,Blaze,50,53,48,53,48,64,316,24.3,2,High Temp Pokémon,0.875,0.125,,Field,
514,Simisear,Fire,,Gluttony,,Blaze,75,98,63,98,63,101,498,61.7,3.25,Ember Pokémon,0.875,0.125,Pansear,Field,
515,Panpour,Water,,Gluttony,,Torrent,50,53,48,53,48,64,316,29.8,2,Spray Pokémon,0.875,0.125,,Field,
516,Simipour,Water,,Gluttony,,Torrent,75,98,63,98,63,101,498,63.9,3.25,Geyser Pokémon,0.875,0.125,Panpour,Field,
517,Munna,Psychic,,Forewarn,Synchronize,Telepathy,76,25,45,67,55,24,292,51.4,2,Dream Eater Pokémon,0.5,0.5,,Field,
518,Musharna,Psychic,,Forewarn,Synchronize,Telepathy,116,55,85,107,95,29,487,133.4,3.58,Drowsing Pokémon,0.5,0.5,Munna,Field,
519,Pidove,Normal,Flying,Big Pecks,Super Luck,Rivalry,50,55,50,36,30,43,264,4.6,1,Tiny Pigeon Pokémon,0.5,0.5,,Flying,
520,Tranquill,Normal,Flying,Big Pecks,Super Luck,Rivalry,62,77,62,50,42,65,358,33.1,2,Wild Pigeon Pokémon,0.5,0.5,Pidove,Flying,
521,Unfezant,Normal,Flying,Big Pecks,Super Luck,Rivalry,80,115,80,65,55,93,488,63.9,3.92,Proud Pokémon,0.5,0.5,Tranquill,Flying,
522,Blitzle,Electric,,Lightning Rod,Motor Drive,Sap Sipper,45,60,32,50,32,76,295,65.7,2.58,Electrified Pokémon,0.5,0.5,,Field,
523,Zebstrika,Electric,,Lightning Rod,Motor Drive,Sap Sipper,75,100,63,80,63,116,497,175.3,5.25,Thunderbolt Pokémon,0.5,0.5,Blitzle,Field,
524,Roggenrola,Rock,,Sturdy,Weak Armor,Sand Force,55,75,85,25,25,15,280,39.7,1.33,Mantle Pokémon,0.5,0.5,,Mineral,
525,Boldore,Rock,,Sturdy,Weak Armor,Sand Force,70,105,105,50,40,20,390,224.9,2.92,Ore Pokémon,0.5,0.5,Roggenrola,Mineral,
526,Gigalith,Rock,,Sturdy,Sand Stream,Sand Force,85,135,130,60,80,25,515,573.2,5.58,Compressed Pokémon,0.5,0.5,Boldore,Mineral,
527,Woobat,Psychic,Flying,Unaware,Klutz,Simple,65,45,43,55,43,72,323,4.6,1.33,Bat Pokémon,0.5,0.5,,Field,Flying
528,Swoobat,Psychic,Flying,Unaware,Klutz,Simple,67,57,55,77,55,114,425,23.1,2.92,Courting Pokémon,0.5,0.5,Woobat,Field,Flying
529,Drilbur,Ground,,Sand Rush,Sand Force,Mold Breaker,60,85,40,30,45,68,328,18.7,1,Mole Pokémon,0.5,0.5,,Field,
530,Excadrill,Ground,Steel,Sand Rush,Sand Force,Mold Breaker,110,135,60,50,65,88,508,89.1,2.33,Subterrene Pokémon,0.5,0.5,Drilbur,Field,
531,Audino,Normal,,Healer,Regenerator,Klutz,103,60,86,60,86,50,445,68.3,3.58,Hearing Pokémon,0.5,0.5,,Fairy,
532,Timburr,Fighting,,Guts,Sheer Force,Iron Fist,75,80,55,25,35,35,305,27.6,2,Muscular Pokémon,0.75,0.25,,Human-Like,
533,Gurdurr,Fighting,,Guts,Sheer Force,Iron Fist,85,105,85,40,50,40,405,88.2,3.92,Muscular Pokémon,0.75,0.25,Timburr,Human-Like,
534,Conkeldurr,Fighting,,Guts,Sheer Force,Iron Fist,105,140,95,55,65,45,505,191.8,4.58,Muscular Pokémon,0.75,0.25,Gurdurr,Human-Like,
535,Tympole,Water,,Swift Swim,Hydration,Water Absorb,50,50,40,50,40,64,294,9.9,1.67,Tadpole Pokémon,0.5,0.5,,Water 1,
536,Palpitoad,Water,Ground,Swift Swim,Hydration,Water Absorb,75,65,55,65,55,69,384,37.5,2.58,Vibration Pokémon,0.5,0.5,Tympole,Water 1,
537,Seismitoad,Water,Ground,Swift Swim,Poison Touch,Water Absorb,105,95,75,85,75,74,509,136.7,4.92,Vibration Pokémon,0.5,0.5,Palpitoad,Water 1,
538,Throh,Fighting,,Guts,Inner Focus,Mold Breaker,120,100,85,30,85,45,465,122.4,4.25,Judo Pokémon,1,0,,Human-Like,
539,Sawk,Fighting,,Sturdy,Inner Focus,Mold Breaker,75,125,75,30,75,85,465,112.4,4.58,Karate Pokémon,1,0,,Human-Like,
540,Sewaddle,Bug,Grass,Swarm,Chlorophyll,Overcoat,45,53,70,40,60,42,310,5.5,1,Sewing Pokémon,0.5,0.5,,Bug,
541,Swadloon,Bug,Grass,Leaf Guard,Chlorophyll,Overcoat,55,63,90,50,80,42,380,16.1,1.67,Leaf-Wrapped Pokémon,0.5,0.5,Sewaddle,Bug,
542,Leavanny,Bug,Grass,Swarm,Chlorophyll,Overcoat,75,103,80,70,80,92,500,45.2,3.92,Nurturing Pokémon,0.5,0.5,Swadloon,Bug,
543,Venipede,Bug,Poison,Poison Point,Swarm,Speed Boost,30,45,59,30,39,57,260,11.7,1.33,Centipede Pokémon,0.5,0.5,,Bug,
544,Whirlipede,Bug,Poison,Poison Point,Swarm,Speed Boost,40,55,99,40,79,47,360,129,3.92,Curlipede Pokémon,0.5,0.5,Venipede,Bug,
545,Scolipede,Bug,Poison,Poison Point,Swarm,Speed Boost,60,100,89,55,69,112,485,442,8.17,Megapede Pokémon,0.5,0.5,Whirlipede,Bug,
546,Cottonee,Grass,Fairy,Prankster,Infiltrator,Chlorophyll,40,27,60,37,50,66,280,1.3,1,Cotton Puff Pokémon,0.5,0.5,,Grass,Fairy
547,Whimsicott,Grass,Fairy,Prankster,Infiltrator,Chlorophyll,60,67,85,77,75,116,480,14.6,2.33,Windveiled Pokémon,0.5,0.5,Cottonee,Grass,Fairy
548,Petilil,Grass,,Chlorophyll,Own Tempo,Leaf Guard,45,35,50,70,50,30,280,14.6,1.67,Bulb Pokémon,0,1,,Grass,
549,Lilligant,Grass,,Chlorophyll,Own Tempo,Leaf Guard,70,60,75,110,75,90,480,35.9,3.58,Flowering Pokémon,0,1,Petilil,Grass,
550,Basculin,Water,,Reckless,Adaptability,Mold Breaker,70,92,65,80,55,98,460,39.7,3.25,Hostile Pokémon,0.5,0.5,,Water 2,
551,Sandile,Ground,Dark,Intimidate,Moxie,Anger Point,50,72,35,35,35,65,292,33.5,2.33,Desert Croc Pokémon,0.5,0.5,,Field,
552,Krokorok,Ground,Dark,Intimidate,Moxie,Anger Point,60,82,45,45,45,74,351,73.6,3.25,Desert Croc Pokémon,0.5,0.5,Sandile,Field,
553,Krookodile,Ground,Dark,Intimidate,Moxie,Anger Point,95,117,80,65,70,92,519,212.3,4.92,Intimidation Pokémon,0.5,0.5,Krokorok,Field,
554,Darumaka,Fire,,Hustle,,Inner Focus,70,90,45,15,45,50,315,82.7,2,Zen Charm Pokémon,0.5,0.5,,Field,
555,Darmanitan,Fire,,Sheer Force,,Zen Mode,105,140,55,30,55,95,480,204.8,4.25,Blazing Pokémon,0.5,0.5,Darumaka,Field,
556,Maractus,Grass,,Water Absorb,Chlorophyll,Storm Drain,75,86,67,106,67,60,461,61.7,3.25,Cactus Pokémon,0.5,0.5,,Grass,
557,Dwebble,Bug,Rock,Sturdy,Shell Armor,Weak Armor,50,65,85,35,35,55,325,32,1,Rock Inn Pokémon,0.5,0.5,,Bug,Mineral
558,Crustle,Bug,Rock,Sturdy,Shell Armor,Weak Armor,70,105,125,65,75,45,485,440.9,4.58,Stone Home Pokémon,0.5,0.5,Dwebble,Bug,Mineral
559,Scraggy,Dark,Fighting,Shed Skin,Moxie,Intimidate,50,75,70,35,70,48,348,26,2,Shedding Pokémon,0.5,0.5,,Field,Dragon
560,Scrafty,Dark,Fighting,Shed Skin,Moxie,Intimidate,65,90,115,45,115,58,488,66.1,3.58,Hoodlum Pokémon,0.5,0.5,Scraggy,Field,Dragon
561,Sigilyph,Psychic,Flying,Wonder Skin,Magic Guard,Tinted Lens,72,58,80,103,80,97,490,30.9,4.58,Avianoid Pokémon,0.5,0.5,,Flying,
562,Yamask,Ghost,,Mummy,,,38,30,85,55,65,30,303,3.3,1.67,Spirit Pokémon,0.5,0.5,,Mineral,Amorphous
563,Cofagrigus,Ghost,,Mummy,,,58,50,145,95,105,30,483,168.7,5.58,Coffin Pokémon,0.5,0.5,Yamask,Mineral,Amorphous
564,Tirtouga,Water,Rock,Solid Rock,Sturdy,Swift Swim,54,78,103,53,45,22,355,36.4,2.33,Prototurtle Pokémon,0.875,0.125,,Water 1,Water 3
565,Carracosta,Water,Rock,Solid Rock,Sturdy,Swift Swim,74,108,133,83,65,32,495,178.6,3.92,Prototurtle Pokémon,0.875,0.125,Tirtouga,Water 1,Water 3
566,Archen,Rock,Flying,Defeatist,,,55,112,45,74,45,70,401,20.9,1.67,First Bird Pokémon,0.875,0.125,,Flying,Water 3
567,Archeops,Rock,Flying,Defeatist,,,75,140,65,112,65,110,567,70.5,4.58,First Bird Pokémon,0.875,0.125,Archen,Flying,Water 3
568,Trubbish,Poison,,Stench,Sticky Hold,Aftermath,50,50,62,40,62,65,329,68.3,2,Trash Bag Pokémon,0.5,0.5,,Mineral,
569,Garbodor,Poison,,Stench,Weak Armor,Aftermath,80,95,82,60,82,75,474,236.6,6.25,Trash Heap Pokémon,0.5,0.5,Trubbish,Mineral,
570,Zorua,Dark,,Illusion,,,40,65,40,80,40,65,330,27.6,2.33,Tricky Fox Pokémon,0.875,0.125,,Field,
571,Zoroark,Dark,,Illusion,,,60,105,60,120,60,105,510,178.8,5.25,Illusion Fox Pokémon,0.875,0.125,Zorua,Field,
572,Minccino,Normal,,Cute Charm,Technician,Skill Link,55,50,40,40,40,75,300,12.8,1.33,Chinchilla Pokémon,0.5,0.5,,Field,
573,Cinccino,Normal,,Cute Charm,Technician,Skill Link,75,95,60,65,60,115,470,16.5,1.67,Scarf Pokémon,0.5,0.5,Minccino,Field,
574,Gothita,Psychic,,Frisk,Competitive,Shadow Tag,45,30,50,55,65,45,290,12.8,1.33,Fixation Pokémon,0.5,0.5,,Human-Like,
575,Gothorita,Psychic,,Frisk,Competitive,Shadow Tag,60,45,70,75,85,55,390,39.7,2.33,Manipulate Pokémon,0.5,0.5,Gothita,Human-Like,
576,Gothitelle,Psychic,,Frisk,Competitive,Shadow Tag,70,55,95,95,110,65,490,97,4.92,Astral Body Pokémon,0.5,0.5,Gothorita,Human-Like,
577,Solosis,Psychic,,Overcoat,Magic Guard,Regenerator,45,30,40,105,50,20,290,2.2,1,Cell Pokémon,0.5,0.5,,Amorphous,
578,Duosion,Psychic,,Overcoat,Magic Guard,Regenerator,65,40,50,125,60,30,370,17.6,2,Mitosis Pokémon,0.5,0.5,Solosis,Amorphous,
579,Reuniclus,Psychic,,Overcoat,Magic Guard,Regenerator,110,65,75,125,85,30,490,44.3,3.25,Multiplying Pokémon,0.5,0.5,Duosion,Amorphous,
580,Ducklett,Water,Flying,Keen Eye,Big Pecks,Hydration,62,44,50,44,50,55,305,12.1,1.67,Water Bird Pokémon,0.5,0.5,,Water 1,Flying
581,Swanna,Water,Flying,Keen Eye,Big Pecks,Hydration,75,87,63,87,63,98,473,53.4,4.25,White Bird Pokémon,0.5,0.5,Ducklett,Water 1,Flying
582,Vanillite,Ice,,Ice Body,Snow Cloak,Weak Armor,36,50,50,65,60,44,305,12.6,1.33,Fresh Snow Pokémon,0.5,0.5,,Mineral,
583,Vanillish,Ice,,Ice Body,Snow Cloak,Weak Armor,51,65,65,80,75,59,395,90.4,3.58,Icy Snow Pokémon,0.5,0.5,Vanillite,Mineral,
584,Vanilluxe,Ice,,Ice Body,Snow Warning,Weak Armor,71,95,85,110,95,79,535,126.8,4.25,Snowstorm Pokémon,0.5,0.5,Vanillish,Mineral,
585,Deerling,Normal,Grass,Chlorophyll,Sap Sipper,Serene Grace,60,60,50,40,50,75,335,43,2,Season Pokémon,0.5,0.5,,Field,
586,Sawsbuck,Normal,Grass,Chlorophyll,Sap Sipper,Serene Grace,80,100,70,60,70,95,475,203.9,6.25,Season Pokémon,0.5,0.5,Deerling,Field,
587,Emolga,Electric,Flying,Static,,Motor Drive,55,75,60,75,60,103,428,11,1.33,Sky Squirrel Pokémon,0.5,0.5,,Field,
588,Karrablast,Bug,,Swarm,Shed Skin,No Guard,50,75,45,40,45,60,315,13,1.67,Clamping Pokémon,0.5,0.5,,Bug,
589,Escavalier,Bug,Steel,Swarm,Shell Armor,Overcoat,70,135,105,60,105,20,495,72.8,3.25,Cavalry Pokémon,0.5,0.5,Karrablast,Bug,
590,Foongus,Grass,Poison,Effect Spore,,Regenerator,69,55,45,55,55,15,294,2.2,0.67,Mushroom Pokémon,0.5,0.5,,Grass,
591,Amoonguss,Grass,Poison,Effect Spore,,Regenerator,114,85,70,85,80,30,464,23.1,2,Mushroom Pokémon,0.5,0.5,Foongus,Grass,
592,Frillish,Water,Ghost,Water Absorb,Cursed Body,Damp,55,40,50,65,85,40,335,72.8,3.92,Floating Pokémon,0.5,0.5,,Amorphous,
593,Jellicent,Water,Ghost,Water Absorb,Cursed Body,Damp,100,60,70,85,105,60,480,297.6,7.25,Floating Pokémon,0.5,0.5,Frillish,Amorphous,
594,Alomomola,Water,,Healer,Hydration,Regenerator,165,75,80,40,45,65,470,69.7,3.92,Caring Pokémon,0.5,0.5,,Water 1,Water 2
595,Joltik,Bug,Electric,Compound Eyes,Unnerve,Swarm,50,47,50,57,50,65,319,1.3,0.33,Attaching Pokémon,0.5,0.5,,Bug,
596,Galvantula,Bug,Electric,Compound Eyes,Unnerve,Swarm,70,77,60,97,60,108,472,31.5,2.58,EleSpider Pokémon,0.5,0.5,Joltik,Bug,
597,Ferroseed,Grass,Steel,Iron Barbs,,,44,50,91,24,86,10,305,41.4,2,Thorn Seed Pokémon,0.5,0.5,,Grass,Mineral
598,Ferrothorn,Grass,Steel,Iron Barbs,,Anticipation,74,94,131,54,116,20,489,242.5,3.25,Thorn Pod Pokémon,0.5,0.5,Ferroseed,Grass,Mineral
599,Klink,Steel,,Plus,Minus,Clear Body,40,55,70,45,60,30,300,46.3,1,Gear Pokémon,0.5,0.5,,Mineral,
600,Klang,Steel,,Plus,Minus,Clear Body,60,80,95,70,85,50,440,112.4,2,Gear Pokémon,0.5,0.5,Klink,Mineral,
601,Klinklang,Steel,,Plus,Minus,Clear Body,60,100,115,70,85,90,520,178.6,2,Gear Pokémon,0.5,0.5,Klang,Mineral,
602,Tynamo,Electric,,Levitate,,,35,55,40,45,40,60,275,0.7,0.67,EleFish Pokémon,0.5,0.5,,Amorphous,
603,Eelektrik,Electric,,Levitate,,,65,85,70,75,70,40,405,48.5,3.92,EleFish Pokémon,0.5,0.5,Tynamo,Amorphous,
604,Eelektross,Electric,,Levitate,,,85,115,80,105,80,50,515,177.5,6.92,EleFish Pokémon,0.5,0.5,Eelektrik,Amorphous,
605,Elgyem,Psychic,,Telepathy,Synchronize,Analytic,55,55,55,85,55,30,335,19.8,1.67,Cerebral Pokémon,0.5,0.5,,Human-Like,
606,Beheeyem,Psychic,,Telepathy,Synchronize,Analytic,75,75,75,125,95,40,485,76.1,3.25,Cerebral Pokémon,0.5,0.5,Elgyem,Human-Like,
607,Litwick,Ghost,Fire,Flash Fire,Flame Body,Infiltrator,50,30,55,65,55,20,275,6.8,1,Candle Pokémon,0.5,0.5,,Amorphous,
608,Lampent,Ghost,Fire,Flash Fire,Flame Body,Infiltrator,60,40,60,95,60,55,370,28.7,2,Lamp Pokémon,0.5,0.5,Litwick,Amorphous,
609,Chandelure,Ghost,Fire,Flash Fire,Flame Body,Infiltrator,60,55,90,145,90,80,520,75.6,3.25,Luring Pokémon,0.5,0.5,Lampent,Amorphous,
610,Axew,Dragon,,Rivalry,Mold Breaker,Unnerve,46,87,60,30,40,57,320,39.7,2,Tusk Pokémon,0.5,0.5,,Monster,Dragon
611,Fraxure,Dragon,,Rivalry,Mold Breaker,Unnerve,66,117,70,40,50,67,410,79.4,3.25,Axe Jaw Pokémon,0.5,0.5,Axew,Monster,Dragon
612,Haxorus,Dragon,,Rivalry,Mold Breaker,Unnerve,76,147,90,60,70,97,540,232.6,5.92,Axe Jaw Pokémon,0.5,0.5,Fraxure,Monster,Dragon
613,Cubchoo,Ice,,Snow Cloak,Slush Rush,Rattled,55,70,40,60,40,40,305,18.7,1.67,Chill Pokémon,0.5,0.5,,Field,
614,Beartic,Ice,,Snow Cloak,Slush Rush,Swift Swim,95,130,80,70,80,50,505,573.2,8.5,Freezing Pokémon,0.5,0.5,Cubchoo,Field,
615,Cryogonal,Ice,,Levitate,,,80,50,50,95,135,105,515,326.3,3.58,Crystallizing Pokémon,-1,-1,,Mineral,
616,Shelmet,Bug,,Hydration,Shell Armor,Overcoat,50,40,85,40,65,25,305,17,1.33,Snail Pokémon,0.5,0.5,,Bug,
617,Accelgor,Bug,,Hydration,Sticky Hold,Unburden,80,70,40,100,60,145,495,55.8,2.58,Shell Out Pokémon,0.5,0.5,Shelmet,Bug,
618,Stunfisk,Ground,Electric,Static,Limber,Sand Veil,109,66,84,81,99,32,471,24.3,2.33,Trap Pokémon,0.5,0.5,,Water 1,Amorphous
619,Mienfoo,Fighting,,Inner Focus,Regenerator,Reckless,45,85,50,55,50,65,350,44.1,2.92,Martial Arts Pokémon,0.5,0.5,,Field,Human-Like
620,Mienshao,Fighting,,Inner Focus,Regenerator,Reckless,65,125,60,95,60,105,510,78.3,4.58,Martial Arts Pokémon,0.5,0.5,Mienfoo,Field,Human-Like
621,Druddigon,Dragon,,Rough Skin,Sheer Force,Mold Breaker,77,120,90,60,90,48,485,306.4,5.25,Cave Pokémon,0.5,0.5,,Dragon,Monster
622,Golett,Ground,Ghost,Iron Fist,Klutz,No Guard,59,74,50,35,50,35,303,202.8,3.25,Automaton Pokémon,-1,-1,,Mineral,
623,Golurk,Ground,Ghost,Iron Fist,Klutz,No Guard,89,124,80,55,80,55,483,727.5,9.17,Automaton Pokémon,-1,-1,Golett,Mineral,
624,Pawniard,Dark,Steel,Defiant,Inner Focus,Pressure,45,85,70,40,40,60,340,22.5,1.67,Sharp Blade Pokémon,0.5,0.5,,Human-Like,
625,Bisharp,Dark,Steel,Defiant,Inner Focus,Pressure,65,125,100,60,70,70,490,154.3,5.25,Sword Blade Pokémon,0.5,0.5,Pawniard,Human-Like,
626,Bouffalant,Normal,,Reckless,Sap Sipper,Soundproof,95,110,95,40,95,55,490,208.6,5.25,Bash Buffalo Pokémon,0.5,0.5,,Field,
627,Rufflet,Normal,Flying,Keen Eye,Sheer Force,Hustle,70,83,50,37,50,60,350,23.1,1.67,Eaglet Pokémon,1,0,,Flying,
628,Braviary,Normal,Flying,Keen Eye,Sheer Force,Defiant,100,123,75,57,75,80,510,90.4,4.92,Valiant Pokémon,1,0,Rufflet,Flying,
629,Vullaby,Dark,Flying,Big Pecks,Overcoat,Weak Armor,70,55,75,45,65,60,370,19.8,1.67,Diapered Pokémon,0,1,,Flying,
630,Mandibuzz,Dark,Flying,Big Pecks,Overcoat,Weak Armor,110,65,105,55,95,80,510,87.1,3.92,Bone Vulture Pokémon,0,1,Vullaby,Flying,
631,Heatmor,Fire,,Gluttony,Flash Fire,White Smoke,85,97,66,105,66,65,484,127.9,4.58,Anteater Pokémon,0.5,0.5,,Field,
632,Durant,Bug,Steel,Swarm,Hustle,Truant,58,109,112,48,48,109,484,72.8,1,Iron Ant Pokémon,0.5,0.5,,Bug,
633,Deino,Dark,Dragon,Hustle,,,52,65,50,45,50,38,300,38.1,2.58,Irate Pokémon,0.5,0.5,,Dragon,
634,Zweilous,Dark,Dragon,Hustle,,,72,85,70,65,70,58,420,110.2,4.58,Hostile Pokémon,0.5,0.5,Deino,Dragon,
635,Hydreigon,Dark,Dragon,Levitate,,,92,105,90,125,90,98,600,352.7,5.92,Brutal Pokémon,0.5,0.5,Zweilous,Dragon,
636,Larvesta,Bug,Fire,Flame Body,,Swarm,55,85,55,50,55,60,360,63.5,3.58,Torch Pokémon,0.5,0.5,,Bug,
637,Volcarona,Bug,Fire,Flame Body,,Swarm,85,60,65,135,105,100,550,101.4,5.25,Sun Pokémon,0.5,0.5,Larvesta,Bug,
638,Cobalion,Steel,Fighting,Justified,,,91,90,129,90,72,108,580,551.2,6.92,Iron Will Pokémon,-1,-1,,Undiscovered,
639,Terrakion,Rock,Fighting,Justified,,,91,129,90,72,90,108,580,573.2,6.25,Cavern Pokémon,-1,-1,,Undiscovered,
640,Virizion,Grass,Fighting,Justified,,,91,90,72,90,129,108,580,440.9,6.58,Grassland Pokémon,-1,-1,,Undiscovered,
641,Tornadus,Flying,,Prankster,,Defiant,79,115,70,125,80,111,580,138.9,4.92,Cyclone Pokémon,1,0,,Undiscovered,
642,Thundurus,Electric,Flying,Prankster,,Defiant,79,115,70,125,80,111,580,134.5,4.92,Bolt Strike Pokémon,1,0,,Undiscovered,
643,Reshiram,Dragon,Fire,Turboblaze,,,100,120,100,150,120,90,680,727.5,10.5,Vast White Pokémon,-1,-1,,Undiscovered,
644,Zekrom,Dragon,Electric,Teravolt,,,100,150,120,120,100,90,680,760.6,9.5,Deep Black Pokémon,-1,-1,,Undiscovered,
645,Landorus,Ground,Flying,Sand Force,,Sheer Force,89,125,90,115,80,101,600,149.9,4.92,Abundance Pokémon,1,0,,Undiscovered,
646,Kyurem,Dragon,Ice,Pressure,,,125,130,90,130,90,95,660,716.5,9.83,Boundary Pokémon,-1,-1,,Undiscovered,
647,Keldeo,Water,Fighting,Justified,,,91,72,90,129,90,108,580,106.9,4.58,Colt Pokémon,-1,-1,,Undiscovered,
648,Meloetta,Normal,Psychic,Serene Grace,,,100,77,77,128,128,90,600,14.3,2,Melody Pokémon,-1,-1,,Undiscovered,
649,Genesect,Bug,Steel,Download,,,71,120,95,120,95,99,600,181.9,4.92,Paleozoic Pokémon,-1,-1,,Undiscovered,
650,Chespin,Grass,,Overgrow,,Bulletproof,56,61,65,48,45,38,313,19.8,1.33,Spiny Nut Pokémon,0.875,0.125,,Field,
651,Quilladin,Grass,,Overgrow,,Bulletproof,61,78,95,56,58,57,405,63.9,2.33,Spiny Armor Pokémon,0.875,0.125,Chespin,Field,
652,Chesnaught,Grass,Fighting,Overgrow,,Bulletproof,88,107,122,74,75,64,530,198.4,5.25,Spiny Armor Pokémon,0.875,0.125,Quilladin,Field,
653,Fennekin,Fire,,Blaze,,Magician,40,45,40,62,60,60,307,20.7,1.33,Fox Pokémon,0.875,0.125,,Field,
654,Braixen,Fire,,Blaze,,Magician,59,59,58,90,70,73,409,32,3.25,Fox Pokémon,0.875,0.125,Fennekin,Field,
655,Delphox,Fire,Psychic,Blaze,,Magician,75,69,72,114,100,104,534,86,4.92,Fox Pokémon,0.875,0.125,Braixen,Field,
656,Froakie,Water,,Torrent,,Protean,41,56,40,62,44,71,314,15.4,1,Bubble Frog Pokémon,0.875,0.125,,Water 1,
657,Frogadier,Water,,Torrent,,Protean,54,63,52,83,56,97,405,24,2,Bubble Frog Pokémon,0.875,0.125,Froakie,Water 1,
658,Greninja,Water,Dark,Torrent,Torrent,Protean,72,95,67,103,71,122,530,88.2,4.92,Ninja Pokémon,0.875,0.125,Frogadier,Water 1,
659,Bunnelby,Normal,,Pickup,Cheek Pouch,Huge Power,38,36,38,32,36,57,237,11,1.33,Digging Pokémon,0.5,0.5,,Field,
660,Diggersby,Normal,Ground,Pickup,Cheek Pouch,Huge Power,85,56,77,50,77,78,423,93.5,3.25,Digging Pokémon,0.5,0.5,Bunnelby,Field,
661,Fletchling,Normal,Flying,Big Pecks,,Gale Wings,45,50,43,40,38,62,278,3.7,1,Tiny Robin Pokémon,0.5,0.5,,Flying,
662,Fletchinder,Fire,Flying,Flame Body,,Gale Wings,62,73,55,56,52,84,382,35.3,2.33,Ember Pokémon,0.5,0.5,Fletchling,Flying,
663,Talonflame,Fire,Flying,Flame Body,,Gale Wings,78,81,71,74,69,126,499,54,3.92,Scorching Pokémon,0.5,0.5,Fletchinder,Flying,
664,Scatterbug,Bug,,Shield Dust,Compound Eyes,Friend Guard,38,35,40,27,25,35,200,5.5,1,Scatterdust Pokémon,0.5,0.5,,Bug,
665,Spewpa,Bug,,Shed Skin,,Friend Guard,45,22,60,27,30,29,213,18.5,1,Scatterdust Pokémon,0.5,0.5,Scatterbug,Bug,
666,Vivillon,Bug,Flying,Shield Dust,Compound Eyes,Friend Guard,80,52,50,90,50,89,411,37.5,3.92,Scale Pokémon,0.5,0.5,Spewpa,Bug,
667,Litleo,Fire,Normal,Rivalry,Unnerve,Moxie,62,50,58,73,54,72,369,29.8,2,Lion Cub Pokémon,0.75,0.25,,Field,
668,Pyroar,Fire,Normal,Rivalry,Unnerve,Moxie,86,68,72,109,66,106,507,179.7,4.92,Royal Pokémon,0.75,0.25,Litleo,Field,
669,Flabébé,Fairy,,Flower Veil,,Symbiosis,44,38,39,61,79,42,303,0.2,0.33,Single Bloom Pokémon,0,1,,Fairy,
670,Floette,Fairy,,Flower Veil,,Symbiosis,54,45,47,75,98,52,371,2,0.67,Single Bloom Pokémon,0,1,Flabébé,Fairy,
671,Florges,Fairy,,Flower Veil,,Symbiosis,78,65,68,112,154,75,552,22,3.58,Garden Pokémon,0,1,Floette,Fairy,
672,Skiddo,Grass,,Sap Sipper,,Grass Pelt,66,65,48,62,57,52,350,68.3,2.92,Mount Pokémon,0.5,0.5,,Field,
673,Gogoat,Grass,,Sap Sipper,,Grass Pelt,123,100,62,97,81,68,531,200.6,5.58,Mount Pokémon,0.5,0.5,Skiddo,Field,
674,Pancham,Dark,,Iron Fist,Mold Breaker,Scrappy,67,82,62,46,48,43,348,17.6,2,Playful Pokémon,0.5,0.5,,Field,Human-Like
675,Pangoro,Dark,Fighting,Iron Fist,Mold Breaker,Scrappy,95,124,78,69,71,58,495,299.8,6.92,Daunting Pokémon,0.5,0.5,Pancham,Field,Human-Like
676,Furfrou,Normal,,Fur Coat,,,75,80,60,65,90,102,472,61.7,3.92,Poodle Pokémon,0.5,0.5,,Field,
677,Espurr,Psychic,,Keen Eye,Infiltrator,Own Tempo,62,48,54,63,60,68,355,7.7,1,Restraint Pokémon,0.5,0.5,,Field,
678,Meowstic,Psychic,,Keen Eye,Infiltrator,Prankster,74,48,76,83,81,104,466,18.7,2,Constraint Pokémon,1,0,Espurr,Field,
679,Honedge,Steel,Ghost,No Guard,,,45,80,100,35,37,28,325,4.4,2.58,Sword Pokémon,0.5,0.5,,Mineral,
680,Doublade,Steel,Ghost,No Guard,,,59,110,150,45,49,35,448,9.9,2.58,Sword Pokémon,0.5,0.5,Honedge,Mineral,
681,Aegislash,Steel,Ghost,Stance Change,,,60,50,150,50,150,60,520,116.8,5.58,Royal Sword Pokémon,0.5,0.5,Doublade,Mineral,
682,Spritzee,Fairy,,Healer,,Aroma Veil,78,52,60,63,65,23,341,1.1,0.67,Perfume Pokémon,0.5,0.5,,Fairy,
683,Aromatisse,Fairy,,Healer,,Aroma Veil,101,72,72,99,89,29,462,34.2,2.58,Fragrance Pokémon,0.5,0.5,Spritzee,Fairy,
684,Swirlix,Fairy,,Sweet Veil,,Unburden,62,48,66,59,57,49,341,7.7,1.33,Cotton Candy Pokémon,0.5,0.5,,Fairy,
685,Slurpuff,Fairy,,Sweet Veil,,Unburden,82,80,86,85,75,72,480,11,2.58,Meringue Pokémon,0.5,0.5,Swirlix,Fairy,
686,Inkay,Dark,Psychic,Contrary,Suction Cups,Infiltrator,53,54,53,37,46,45,288,7.7,1.33,Revolving Pokémon,0.5,0.5,,Water 1,Water 2
687,Malamar,Dark,Psychic,Contrary,Suction Cups,Infiltrator,86,92,88,68,75,73,482,103.6,4.92,Overturning Pokémon,0.5,0.5,Inkay,Water 1,Water 2
688,Binacle,Rock,Water,Tough Claws,Sniper,Pickpocket,42,52,67,39,56,50,306,68.3,1.67,Two-Handed Pokémon,0.5,0.5,,Water 3,
689,Barbaracle,Rock,Water,Tough Claws,Sniper,Pickpocket,72,105,115,54,86,68,500,211.6,4.25,Collective Pokémon,0.5,0.5,Binacle,Water 3,
690,Skrelp,Poison,Water,Poison Point,Poison Touch,Adaptability,50,60,60,60,60,30,320,16.1,1.67,Mock Kelp Pokémon,0.5,0.5,,Water 1,Dragon
691,Dragalge,Poison,Dragon,Poison Point,Poison Touch,Adaptability,65,75,90,97,123,44,494,179.7,5.92,Mock Kelp Pokémon,0.5,0.5,Skrelp,Water 1,Dragon
692,Clauncher,Water,,Mega Launcher,,,50,53,62,58,63,44,330,18.3,1.67,Water Gun Pokémon,0.5,0.5,,Water 1,Water 3
693,Clawitzer,Water,,Mega Launcher,,,71,73,88,120,89,59,500,77.8,4.25,Howitzer Pokémon,0.5,0.5,Clauncher,Water 1,Water 3
694,Helioptile,Electric,Normal,Dry Skin,Sand Veil,Solar Power,44,38,33,61,43,70,289,13.2,1.67,Generator Pokémon,0.5,0.5,,Monster,Dragon
695,Heliolisk,Electric,Normal,Dry Skin,Sand Veil,Solar Power,62,55,52,109,94,109,481,46.3,3.25,Generator Pokémon,0.5,0.5,Helioptile,Monster,Dragon
696,Tyrunt,Rock,Dragon,Strong Jaw,,Sturdy,58,89,77,45,45,48,362,57.3,2.58,Royal Heir Pokémon,0.875,0.125,,Monster,Dragon
697,Tyrantrum,Rock,Dragon,Strong Jaw,,Rock Head,82,121,119,69,59,71,521,595.2,8.17,Despot Pokémon,0.875,0.125,Tyrunt,Monster,Dragon
698,Amaura,Rock,Ice,Refrigerate,,Snow Warning,77,59,50,67,63,46,362,55.6,4.25,Tundra Pokémon,0.875,0.125,,Monster,
699,Aurorus,Rock,Ice,Refrigerate,,Snow Warning,123,77,72,99,92,58,521,496,8.83,Tundra Pokémon,0.875,0.125,Amaura,Monster,
700,Sylveon,Fairy,,Cute Charm,,Pixilate,95,65,65,110,130,60,525,51.8,3.25,Intertwining Pokémon,0.875,0.125,Eevee,Field,
701,Hawlucha,Fighting,Flying,Limber,Unburden,Mold Breaker,78,92,75,74,63,118,500,47.4,2.58,Wrestling Pokémon,0.5,0.5,,Human-Like,
702,Dedenne,Electric,Fairy,Cheek Pouch,Pickup,Plus,67,58,57,81,67,101,431,4.9,0.67,Antenna Pokémon,0.5,0.5,,Field,Fairy
703,Carbink,Rock,Fairy,Clear Body,,Sturdy,50,50,150,50,150,50,500,12.6,1,Jewel Pokémon,-1,-1,,Fairy,Mineral
704,Goomy,Dragon,,Sap Sipper,Hydration,Gooey,45,50,35,55,75,40,300,6.2,1,Soft Tissue Pokémon,0.5,0.5,,Dragon,
705,Sliggoo,Dragon,,Sap Sipper,Hydration,Gooey,68,75,53,83,113,60,452,38.6,2.58,Soft Tissue Pokémon,0.5,0.5,Goomy,Dragon,
706,Goodra,Dragon,,Sap Sipper,Hydration,Gooey,90,100,70,110,150,80,600,331.8,6.58,Dragon Pokémon,0.5,0.5,Sliggoo,Dragon,
707,Klefki,Steel,Fairy,Prankster,,Magician,57,80,91,80,87,75,470,6.6,0.67,Key Ring Pokémon,0.5,0.5,,Mineral,
708,Phantump,Ghost,Grass,Natural Cure,Frisk,Harvest,43,70,48,50,60,38,309,15.4,1.33,Stump Pokémon,0.5,0.5,,Grass,Amorphous
709,Trevenant,Ghost,Grass,Natural Cure,Frisk,Harvest,85,110,76,65,82,56,474,156.5,4.92,Elder Tree Pokémon,0.5,0.5,Phantump,Grass,Amorphous
710,Pumpkaboo,Ghost,Grass,Pickup,Frisk,Insomnia,49,66,70,44,55,51,335,11,1.33,Pumpkin Pokémon,0.5,0.5,,Amorphous,
711,Gourgeist,Ghost,Grass,Pickup,Frisk,Insomnia,65,90,122,58,75,84,494,27.6,2.92,Pumpkin Pokémon,0.5,0.5,Pumpkaboo (Average Size),Amorphous,
712,Bergmite,Ice,,Own Tempo,Ice Body,Sturdy,55,69,85,32,35,28,304,219.4,3.25,Ice Chunk Pokémon,0.5,0.5,,Monster,
713,Avalugg,Ice,,Own Tempo,Ice Body,Sturdy,95,117,184,44,46,28,514,1113.3,6.58,Iceberg Pokémon,0.5,0.5,Bergmite,Monster,
714,Noibat,Flying,Dragon,Frisk,Infiltrator,Telepathy,40,30,35,45,40,55,245,17.6,1.67,Sound Wave Pokémon,0.5,0.5,,Flying,
715,Noivern,Flying,Dragon,Frisk,Infiltrator,Telepathy,85,70,80,97,80,123,535,187.4,4.92,Sound Wave Pokémon,0.5,0.5,Noibat,Flying,
716,Xerneas,Fairy,,Fairy Aura,,,126,131,95,131,98,99,680,474,9.83,Life Pokémon,-1,-1,,Undiscovered,
717,Yveltal,Dark,Flying,Dark Aura,,,126,131,95,131,98,99,680,447.5,19,Destruction Pokémon,-1,-1,,Undiscovered,
718,Zygarde,Dragon,Ground,Aura Break,,,108,100,121,81,95,95,600,672.4,16.42,Order Pokémon,-1,-1,,Undiscovered,
719,Diancie,Rock,Fairy,Clear Body,,,50,100,150,100,150,50,600,19.4,2.33,Jewel Pokémon,-1,-1,,Undiscovered,
720,Hoopa,Psychic,Ghost,Magician,,,80,110,60,150,130,70,600,19.8,1.67,Mischief Pokémon,-1,-1,,Undiscovered,
721,Volcanion,Fire,Water,Water Absorb,,,80,110,120,130,90,70,600,429.9,5.58,Steam Pokémon,-1,-1,,Undiscovered,
722,Rowlet,Grass,Flying,Overgrow,Overgrow,Long Reach,68,55,55,50,50,42,320,3.3,1,Grass Quill Pokémon,0.875,0.125,,Flying,
723,Dartrix,Grass,Flying,Overgrow,Overgrow,Long Reach,78,75,75,70,70,52,420,35.3,2.33,Blade Quill Pokémon,0.875,0.125,Rowlet,Flying,
724,Decidueye,Grass,Ghost,Overgrow,Overgrow,Long Reach,78,107,75,100,100,70,530,80.7,5.25,Arrow Quill Pokémon,0.875,0.125,Dartrix,Flying,
725,Litten,Fire,,Blaze,Blaze,Intimidate,45,65,40,60,40,70,320,9.5,1.33,Fire Cat Pokémon,0.875,0.125,,Field,
726,Torracat,Fire,,Blaze,Blaze,Intimidate,65,85,50,80,50,90,420,55.1,2.33,Fire Cat Pokémon,0.875,0.125,Litten,Field,
727,Incineroar,Fire,Dark,Blaze,Blaze,Intimidate,95,115,90,80,90,60,530,183,5.92,Heel Pokémon,0.875,0.125,Torracat,Field,
728,Popplio,Water,,Torrent,Torrent,Liquid Voice,50,54,54,66,56,40,320,16.5,1.33,Sea Lion Pokémon,0.875,0.125,,Water 1,Field
729,Brionne,Water,,Torrent,Torrent,Liquid Voice,60,69,69,91,81,50,420,38.6,2,Pop Star Pokémon,0.875,0.125,Popplio,Water 1,Field
730,Primarina,Water,Fairy,Torrent,Torrent,Liquid Voice,80,74,74,126,116,60,530,97,5.92,Soloist Pokémon,0.875,0.125,Brionne,Water 2,Field
731,Pikipek,Normal,Flying,Keen Eye,Skill Link,Pickup,35,75,30,30,30,65,265,2.6,1,Woodpecker Pokémon,0.5,0.5,,Flying,
732,Trumbeak,Normal,Flying,Keen Eye,Skill Link,Pickup,55,85,50,40,50,75,355,32.6,2,Bugle Beak Pokémon,0.5,0.5,Pipipek,Flying,
733,Toucannon,Normal,Flying,Keen Eye,Skill Link,Sheer Force,80,120,75,75,75,60,485,57.3,3.58,Cannon Pokémon,0.5,0.5,Trumbeak,Flying,
734,Yungoos,Normal,,Stakeout,Strong Jaw,Adaptability,48,70,30,30,30,45,253,13.2,1.33,Loitering Pokémon,0.5,0.5,,Field,
735,Gumshoos,Normal,,Stakeout,Strong Jaw,Adaptability,88,110,60,55,60,45,418,31.3,2.33,Stakeout Pokémon,0.5,0.5,Yungoos,Field,
736,Grubbin,Bug,,Swarm,Swarm,Swarm,47,62,45,55,45,46,300,9.7,1.33,Larva Pokémon,0.5,0.5,,Bug,
737,Charjabug,Bug,Electric,Battery,Battery,Battery,57,82,95,55,75,36,400,23.1,1.67,Battery Pokémon,0.5,0.5,Grubbin,Bug,
738,Vikavolt,Bug,Electric,Levitate,Levitate,Levitate,77,70,90,145,75,43,500,99.2,4.92,Stag Beetle Pokémon,0.5,0.5,Charjabug,Bug,
739,Crabrawler,Fighting,,Hyper Cutter,Iron Fist,Anger Point,47,82,57,42,47,63,338,15.4,2,Boxing Pokémon,0.5,0.5,,Water 3,
740,Crabominable,Fighting,Ice,Hyper Cutter,Iron Fist,Anger Point,97,132,77,62,67,43,478,396.8,5.58,Woolly Crab Pokémon,0.5,0.5,Crabrawler,Water 4,
741,Oricorio,Fire,Flying,Dancer,Dancer,Dancer,75,70,70,98,70,93,476,7.5,2,Dancing Pokémon,0.25,0.75,,Flying,
742,Cutiefly,Bug,Fairy,Honey Gather,Shield Dust,Sweet Veil,40,45,40,55,40,84,304,0.4,0.33,Bee Fly Pokémon,0.5,0.5,,Bug,Fairy
743,Ribombee,Bug,Fairy,Honey Gather,Shield Dust,Sweet Veil,60,55,60,95,70,124,464,1.1,0.67,Bee Fly Pokémon,0.5,0.5,Cutiefly,Bug,Fairy
744,Rockruff,Rock,,Keen Eye,Vital spirit,Steadfast,45,65,40,30,40,60,280,20.3,1.67,Puppy Pokémon,0.5,0.5,,Field,
745,Lycanroc,Rock,,Keen Eye,Sand Rush,Steadfast,75,115,65,55,65,112,487,55.1,2.58,Wolf Pokémon,0.5,0.5,Rockruff,Field,
746,Wishiwashi,Water,,Schooling,Schooling,Schooling,45,20,20,25,25,40,175,0.7,0.67,Small Fry Pokémon,0.5,0.5,,Water 2,
747,Mareanie,Poison,Water,Merciless,Limber,Regenerator,50,53,62,43,52,45,305,17.6,1.33,Brutal Star Pokémon,0.5,0.5,,Water 1,
748,Toxapex,Poison,Water,Merciless,Limber,Regenerator,50,63,152,53,142,35,495,32,2.33,Brutal Star Pokémon,0.5,0.5,Mareanie,Water 2,
749,Mudbray,Ground,,Own Tempo,Stamina,Inner Focus,70,100,70,45,55,45,385,242.5,3.25,Donkey Pokémon,0.5,0.5,,Field,
750,Mudsdale,Ground,,Own Tempo,Stamina,Inner Focus,100,125,100,55,85,35,500,2028.3,8.17,Draft Horse Pokémon,0.5,0.5,Mudbray,Field,
751,Dewpider,Water,Bug,Water Bubble,Water Bubble,Water Absorb,38,40,52,40,72,27,269,8.8,1,Water Bubble Pokémon,0.5,0.5,,Water 1,Bug
752,Araquanid,Water,Bug,Water Bubble,Water Bubble,Water Absorb,68,70,92,50,132,42,454,180.8,5.92,Water Bubble Pokémon,0.5,0.5,Dewpider,Water 2,Bug
753,Fomantis,Grass,,Leaf Guard,Leaf Guard,Contrary,40,55,35,50,35,35,250,3.3,1,Sickle Grass Pokémon,0.5,0.5,,Grass,
754,Lurantis,Grass,,Leaf Guard,Leaf Guard,Contrary,70,105,90,80,90,45,480,40.8,2.92,Bloom Sickle Pokémon,0.5,0.5,Fomantis,Grass,
755,Morelull,Grass,Fairy,Illuminate,Effect Spore,Rain Dish,40,35,55,65,75,15,285,3.3,0.67,Illuminating Pokémon,0.5,0.5,,Grass,
756,Shiinotic,Grass,Fairy,Illuminate,Effect Spore,Rain Dish,60,45,80,90,100,30,405,25.4,3.25,Illuminating Pokémon,0.5,0.5,Morelull,Grass,
757,Salandit,Poison,Fire,Corrosion,Corrosion,Oblivious,48,44,40,71,40,77,320,10.6,2,Toxic Lizard Pokémon,0.875,0.125,,Monster,Dragon
758,Salazzle,Poison,Fire,Corrosion,Corrosion,Oblivious,68,64,60,111,60,117,480,48.9,3.92,Toxic Lizard Pokémon,0,1,Sandalit,Monster,Dragon
759,Stufful,Normal,Fighting,Fluffy,Klutz,Cute Charm,70,75,50,45,50,50,340,15,1.67,Flailing Pokémon,0.5,0.5,,Field,
760,Bewear,Normal,Fighting,Fluffy,Klutz,Unnerve,120,125,80,55,60,60,500,297.6,6.92,Strong Arm Pokémon,0.5,0.5,Stufful,Field,
761,Bounsweet,Grass,,Leaf Guard,Oblivious,Sweet Veil,42,30,38,30,38,32,210,7.1,1,Fruit Pokémon,0,1,,Grass,
762,Steenee,Grass,,Leaf Guard,Oblivious,Sweet Veil,52,40,48,40,48,62,290,18.1,2.33,Fruit Pokémon,0,1,Bounsweet,Grass,
763,Tsareena,Grass,,Leaf Guard,Queenly Majesty,Sweet Veil,72,120,98,50,98,72,510,47.2,3.92,Fruit Pokémon,0,1,Steenee,Grass,
764,Comfey,Fairy,,Flower Veil,Triage,Natural Cure,51,52,90,82,110,100,485,0.7,0.33,Posy Picker Pokémon,0.25,0.75,,Grass,
765,Oranguru,Normal,Psychic,Inner Focus,Telepahty,Symbiosis,90,60,80,90,110,60,490,167.6,4.92,Sage Pokémon,0.5,0.5,,Field,
766,Passimian,Fighting,,Receiver,Receiver,Defiant,100,120,90,40,60,80,490,182.5,6.58,Teamwork Pokémon,0.5,0.5,,Field,
767,Wimpod,Bug,Water,Wimp Out,Wimp Out,Wimp Out,25,35,40,20,30,80,230,26.5,1.67,Turn Tail Pokémon,0.5,0.5,,Bug,Water 3
768,Golisopod,Bug,Water,Emergency Exit,Emergency Exit,Emergency Exit,75,125,140,60,90,40,530,238.1,6.58,Hard Scale Pokémon,0.5,0.5,Wimpod,Bug,Water 3
769,Sandygast,Ghost,Ground,Water Compaction,Water Compaction,Sand Veil,55,55,80,70,45,15,320,154.3,1.67,Sand Heap Pokémon,0.5,0.5,,Amorphous,
770,Palossand,Ghost,Ground,Water Compaction,Water Compaction,Sand Veil,85,75,110,100,75,35,480,551.2,4.25,Sand Castle Pokémon,0.5,0.5,Sandygast,Amorphous,
771,Pyukumuku,Water,,Innards Out,Innards Out,Unaware,55,60,130,30,130,5,410,2.6,1,Sea Cucumber Pokémon,0.5,0.5,,Water 1,
772,Type: Null,Normal,,Battle Armor,Battle Armor,Battle Armor,95,95,95,95,95,59,534,265.7,6.25,Synthetic Pokémon,-1,-1,,Undiscovered,
773,Silvally,Normal,,RKS System,RKS System,RKS System,95,95,95,95,95,95,570,221.6,7.58,Synthetic Pokémon,-1,-1,Type: Null,Undiscovered,
774,Minior,Rock,Flying,Shields Down,Shields Down,Shields Down,60,60,100,60,100,60,440,88.2,1,Meteor Pokémon,-1,-1,,Mineral,
775,Komala,Normal,,Comatose,Comatose,Comatose,65,115,65,75,95,65,480,43.9,1.33,Drowsing Pokémon,0.5,0.5,,Field,
776,Turtonator,Fire,Dragon,Shell Armor,Shell Armor,Shell Armor,60,78,135,91,85,36,485,467.4,6.58,Blast Turtle Pokémon,0.5,0.5,,Monster,Dragon
777,Togedemaru,Electric,Steel,Iron Barbs,Lightning Rod,Sturdy,65,98,63,40,73,96,435,7.3,1,Roly-Poly Pokémon,0.5,0.5,,Field,Fairy
778,Mimikyu,Ghost,Fairy,Disguise,Disguise,Disguise,55,90,80,50,105,96,476,1.5,0.67,Disguise Pokémon,0.5,0.5,,Amorphous,
779,Bruxish,Water,Psychic,Dazzling,Strong Jaw,Wonder Skin,68,105,70,70,70,92,475,41.9,2.92,Gnash Teeth Pokémon,0.5,0.5,,Water 2,
780,Drampa,Normal,Dragon,Berserk,Sap Sipper,Cloud Nine,78,60,85,135,91,36,485,407.9,9.83,Placid Pokémon,0.5,0.5,,Monster,Dragon
781,Dhelmise,Ghost,Grass,Steelworker,Steelworker,Steelworker,70,131,100,86,90,40,517,463,12.83,Sea Creeper Pokémon,-1,-1,,Mineral,
782,Jangmo-o,Dragon,,Bulletproof,Soundproof,Overcoat,45,55,65,45,45,45,300,65.5,2,Scaly Pokémon,0.5,0.5,,Dragon,
783,Hakamo-o,Dragon,Fighting,Bulletproof,Soundproof,Overcoat,55,75,90,65,70,65,420,103.6,3.92,Scaly Pokémon,0.5,0.5,Jangmo-o,Dragon,
784,Kommo-o,Dragon,Fighting,Bulletproof,Soundproof,Overcoat,75,110,125,100,105,85,600,172.4,5.25,Scaly Pokémon,0.5,0.5,Hakamo-o,Dragon,
785,Tapu Koko,Electric,Fairy,Electric Surge,Electric Surge,Telepathy,70,115,85,95,75,130,570,45.2,5.92,Land Spirit Pokémon,-1,-1,,Undiscovered,
786,Tapu Lele,Psychic,Fairy,Psychic Surge,Psychic Surge,Telepathy,70,85,75,130,115,95,570,41,3.92,Land Spirit Pokémon,-1,-1,,Undiscovered,
787,Tapu Bulu,Grass,Fairy,Grassy Surge,Grassy Surge,Telepathy,70,130,115,85,95,75,570,100.3,6.25,Land Spirit Pokémon,-1,-1,,Undiscovered,
788,Tapu Fini,Water,Fairy,Misty Surge,Misty Surge,Telepathy,70,75,115,95,130,85,570,46.7,4.25,Land Spirit Pokémon,-1,-1,,Undiscovered,
789,Cosmog,Psychic,,Unaware,Unaware,Unaware,43,29,31,29,31,37,200,0.2,0.67,Nebula Pokémon,-1,-1,,Undiscovered,
790,Cosmoem,Psychic,,Sturdy,Sturdy,Sturdy,43,29,131,29,131,37,400,2204.4,0.33,Protostar Pokémon,-1,-1,Cosmog,Undiscovered,
791,Solgaleo,Psychic,Steel,Full Metal Body,Full Metal Body,Full Metal Body,137,137,107,113,89,97,680,507.1,11.17,Sunne Pokémon,-1,-1,Cosmoem,Undiscovered,
792,Lunala,Psychic,Ghost,Shadow Shield,Shadow Shield,Shadow Shield,137,113,89,137,107,97,680,264.6,13.08,Moone Pokémon,-1,-1,Cosmoem,Undiscovered,
793,Nihilego,Rock,Poison,Beast Boost,Beast Boost,Beast Boost,109,53,47,127,131,103,570,122.4,3.92,Parasite Pokémon,-1,-1,,Undiscovered,
794,Buzzwole,Bug,Fighting,Beast Boost,Beast Boost,Beast Boost,107,139,139,53,53,79,570,735.5,7.83,Swollen Pokémon,-1,-1,,Undiscovered,
795,Pheromosa,Bug,Fighting,Beast Boost,Beast Boost,Beast Boost,71,137,37,137,37,151,570,55.1,5.92,Lissome Pokémon,-1,-1,,Undiscovered,
796,Xurkitree,Electric,,Beast Boost,Beast Boost,Beast Boost,83,89,71,173,71,83,570,220.5,12.5,Glowing Pokémon,-1,-1,,Undiscovered,
797,Celesteela,Steel,Flying,Beast Boost,Beast Boost,Beast Boost,97,101,103,107,101,61,570,2204.4,30.17,Launch Pokémon,-1,-1,,Undiscovered,
798,Kartana,Grass,Steel,Beast Boost,Beast Boost,Beast Boost,59,181,131,59,31,109,570,0.2,1,Drawn Sword Pokémon,-1,-1,,Undiscovered,
799,Guzzlord,Dark,Dragon,Beast Boost,Beast Boost,Beast Boost,223,101,53,97,53,43,570,1957.7,18.08,Junkivore Pokémon,-1,-1,,Undiscovered,
800,Necrozma,Psychic,,Prism Armor,Prism Armor,Prism Armor,97,107,101,127,89,79,600,507.1,7.83,Prism Pokémon,-1,-1,,Undiscovered,
801,Magearna,Steel,Fairy,Soul-Heart,Soul-Heart,Soul-Heart,80,95,115,130,115,65,600,177.5,3.25,Artificial Pokémon,-1,-1,,Undiscovered,
802,Marshadow,Fighting,Ghost,Technician,Technician,Technician,90,125,80,90,90,125,600,48.9,2.33,Gloomdweller Pokémon,-1,-1,,Undiscovered,
